Período;N º de chamadas de emergência atendidas
2014-09-29;3732.0
2014-10-08;3447.0
2014-10-09;3454.0
2014-10-10;3690.0
2014-10-11;3374.0
2014-10-15;3479.0
2014-10-25;3484.0
2014-10-26;3509.0
2014-10-31;3428.0
2014-11-03;3425.0
2014-11-10;3747.0
2014-11-12;3730.0
2014-11-19;3493.0
2014-11-21;3782.0
2014-11-26;3383.0
2014-11-29;3568.0
2014-12-03;3581.0
2014-12-10;3652.0
2014-12-11;3753.0
2015-01-08;3908.0
2015-01-31;3982.0
2015-02-08;3846.0
2015-02-15;3791.0
2015-02-17;3576.0
2015-02-18;3706.0
2015-02-25;3671.0
2015-03-01;3638.0
2015-03-02;4017.0
2015-03-09;3730.0
2015-03-12;3416.0
2015-03-13;3565.0
2015-03-15;3422.0
2015-03-19;3638.0
2015-03-26;3282.0
2015-04-02;3414.0
2015-04-08;2997.0
2015-04-20;3458.0
2015-04-22;3338.0
2015-04-24;3380.0
2015-04-26;2919.0
2015-04-27;3403.0
2015-05-12;3599.0
2015-05-14;3465.0
2015-05-17;3605.0
2015-05-19;3297.0
2015-06-12;3355.0
2015-06-20;3775.0
2015-06-23;3268.0
2015-06-28;3552.0
2015-07-01;3333.0
2015-07-07;3284.0
2015-07-13;3649.0
2015-07-18;3342.0
2015-07-26;3590.0
2015-07-28;3608.0
2015-07-31;3448.0
2015-08-04;3486.0
2015-08-12;3602.0
2015-08-15;3525.0
2015-09-02;3174.0
2015-09-10;3206.0
2015-09-21;3539.0
2015-10-08;3658.0
2015-10-14;3590.0
2015-10-16;3565.0
2015-10-18;3293.0
2015-11-16;3759.0
2015-11-19;3520.0
2015-12-02;3616.0
2015-12-08;3208.0
2015-12-09;3729.0
2015-12-12;3568.0
2015-12-21;3563.0
2015-12-24;3464.0
2015-12-25;3752.0
2016-01-01;4999.0
2016-01-09;3462.0
2016-01-11;4014.0
2016-01-14;3638.0
2016-01-17;3126.0
2016-01-24;3571.0
2016-01-25;3754.0
2016-01-26;3763.0
2016-02-10;3880.0
2016-02-16;3808.0
2016-02-23;3728.0
2016-03-03;3835.0
2016-03-15;3772.0
2016-03-17;3772.0
2016-04-10;3267.0
2016-04-15;3591.0
2016-04-16;3591.0
2016-04-18;3766.0
2016-04-19;3617.0
2016-04-29;3687.0
2016-05-03;3855.0
2016-05-06;3855.0
2016-05-08;3550.0
2016-05-10;3677.0
2016-05-12;3624.0
2016-05-13;3647.0
2016-05-15;3676.0
2016-05-18;3509.0
2016-05-27;3783.0
2016-05-28;3201.0
2016-06-17;3324.0
2016-06-18;3384.0
2016-06-20;3814.0
2016-06-23;3590.0
2016-06-26;3731.0
2016-06-28;3600.0
2016-06-30;3492.0
2016-07-07;3851.0
2016-07-08;3799.0
2016-07-11;4185.0
2016-07-13;3751.0
2016-07-21;3684.0
2016-07-27;3988.0
2016-08-10;4068.0
2016-08-15;3848.0
2016-08-16;3945.0
2016-08-18;3677.0
2016-08-25;3631.0
2016-08-29;3789.0
2016-08-31;3356.0
2016-09-04;3958.0
2016-09-05;4013.0
2016-09-06;4104.0
2016-09-10;3699.0
2016-09-20;3591.0
2016-09-30;4027.0
2016-10-06;3857.0
2016-10-07;3600.0
2016-10-17;3877.0
2016-10-26;3768.0
2016-10-29;3580.0
2016-10-30;3654.0
2016-11-07;3735.0
2016-11-08;3643.0
2016-11-09;3359.0
2016-11-12;3735.0
2016-11-26;3879.0
2016-11-27;3914.0
2016-12-10;3921.0
2016-12-21;3970.0
2016-12-25;4041.0
2016-12-27;4456.0
2016-12-28;4457.0
2016-12-29;4335.0
2017-01-03;4753.0
2017-01-05;4216.0
2017-01-08;3923.0
2017-01-10;4230.0
2017-01-12;3976.0
2017-01-14;3713.0
2017-01-16;4274.0
2017-01-19;3844.0
2017-01-22;3864.0
2017-01-25;3983.0
2017-01-27;3993.0
2017-01-29;3891.0
2017-02-02;3814.0
2017-02-07;3752.0
2017-02-11;3659.0
2017-02-18;3384.0
2017-02-20;3974.0
2017-02-22;3809.0
2017-02-25;3675.0
2017-02-27;3674.0
2017-03-20;3753.0
2017-03-23;3456.0
2017-03-25;3214.0
2017-04-01;3524.0
2017-04-18;3395.0
2017-04-26;3447.0
2017-04-27;3460.0
2017-05-02;3823.0
2017-05-03;3739.0
2017-05-06;3622.0
2017-05-11;3576.0
2017-05-16;3740.0
2017-05-20;3694.0
2017-05-22;3969.0
2017-05-28;3447.0
2017-06-01;3617.0
2017-06-08;3882.0
2017-06-09;3712.0
2017-06-13;3924.0
2017-06-18;4167.0
2017-06-26;3676.0
2017-06-28;3449.0
2017-06-30;3338.0
2017-07-02;3621.0
2017-07-06;3423.0
2017-07-09;3519.0
2017-07-23;3676.0
2017-07-26;3614.0
2017-08-05;3766.0
2017-08-13;3938.0
2017-08-14;3897.0
2017-08-17;3661.0
2017-08-24;3811.0
2017-08-30;3223.0
2017-09-07;3647.0
2017-09-09;3567.0
2017-09-10;3527.0
2017-09-17;3358.0
2017-09-21;3586.0
2017-09-22;3652.0
2017-09-27;3784.0
2017-09-28;3898.0
2017-10-06;4038.0
2017-10-10;3701.0
2017-10-17;3740.0
2017-10-29;3798.0
2017-10-30;3970.0
2017-11-10;3968.0
2017-11-13;4084.0
2017-11-16;3843.0
2017-11-20;4165.0
2017-11-24;4016.0
2017-11-26;3557.0
2017-11-28;3777.0
2017-12-03;3630.0
2017-12-05;3664.0
2017-12-08;3888.0
2017-12-10;3675.0
2017-12-12;4196.0
2017-12-16;4025.0
2017-12-29;4329.0
2018-01-05;3923.0
2018-01-12;4012.0
2018-01-14;3858.0
2018-01-18;4169.0
2018-01-22;4329.0
2018-02-05;4289.0
2018-02-11;4231.0
2018-02-12;4411.0
2018-02-20;4209.0
2012-01-13;3059.0
2012-01-14;3049.0
2012-01-27;3152.0
2012-01-28;3120.0
2012-02-12;3761.0
2012-02-13;3793.0
2012-02-25;3777.0
2012-02-29;3680.0
2012-03-06;3365.0
2012-03-07;3403.0
2012-03-08;3451.0
2012-03-09;3484.0
2012-03-15;3101.0
2012-03-23;3284.0
2012-03-30;3020.0
2012-04-02;3007.0
2012-04-05;2709.0
2012-04-11;2665.0
2012-04-13;2738.0
2012-04-15;2770.0
2012-04-18;2665.0
2012-04-27;3012.0
2012-04-30;2977.0
2012-05-02;2891.0
2012-05-13;3422.0
2012-05-23;2914.0
2012-05-26;2857.0
2012-05-30;2996.0
2012-05-31;3137.0
2012-06-01;3314.0
2012-06-08;3108.0
2012-06-13;2989.0
2012-06-20;2794.0
2012-06-22;2839.0
2012-06-28;3197.0
2012-07-03;2870.0
2012-07-16;3258.0
2012-08-11;3216.0
2012-08-17;3162.0
2012-08-20;3195.0
2012-08-21;3183.0
2012-08-31;2963.0
2012-09-04;2969.0
2012-09-11;2963.0
2012-09-16;2965.0
2012-09-18;2902.0
2012-09-19;3043.0
2012-09-22;3191.0
2012-09-26;2796.0
2012-09-30;2995.0
2012-10-06;3020.0
2012-10-12;3069.0
2012-10-13;3098.0
2012-10-23;3125.0
2012-10-27;3063.0
2012-10-31;2993.0
2012-11-07;2753.0
2012-11-22;3130.0
2012-11-28;3144.0
2012-12-10;3500.0
2012-12-15;3504.0
2012-12-17;3271.0
2012-12-31;3011.0
2013-01-05;3092.0
2013-01-08;3245.0
2013-01-11;3477.0
2013-01-12;3071.0
2013-01-21;3639.0
2013-01-23;3238.0
2013-01-24;3619.0
2013-01-26;3353.0
2013-02-02;3089.0
2013-02-03;3308.0
2013-02-07;3202.0
2013-02-09;3381.0
2013-02-13;3353.0
2013-02-18;3577.0
2013-02-21;3277.0
2013-03-02;3640.0
2013-03-03;3525.0
2013-03-05;3602.0
2013-03-08;3452.0
2013-03-09;3381.0
2013-03-11;3482.0
2013-03-13;3071.0
2013-03-16;3268.0
2013-03-20;3236.0
2013-03-28;3100.0
2013-04-05;3149.0
2013-04-10;3054.0
2013-04-18;2950.0
2013-04-30;2977.0
2013-05-07;3180.0
2013-05-17;2998.0
2013-05-20;3170.0
2013-05-29;3003.0
2013-06-02;3345.0
2013-06-11;3225.0
2013-06-29;3761.0
2013-07-02;2705.0
2013-07-04;3595.0
2013-07-24;3152.0
2013-08-04;3329.0
2013-08-06;3149.0
2013-08-08;3127.0
2013-08-09;3508.0
2013-08-14;3549.0
2013-08-22;3280.0
2013-08-31;3425.0
2013-09-03;3187.0
2013-09-07;3171.0
2013-09-09;3248.0
2013-09-10;3137.0
2013-09-14;3295.0
2013-09-15;3116.0
2013-09-20;3437.0
2013-09-24;3317.0
2013-09-27;3355.0
2013-09-28;3112.0
2013-09-29;3204.0
2013-09-30;3394.0
2013-10-10;3501.0
2013-10-11;3244.0
2013-10-15;3230.0
2013-10-28;3176.0
2013-10-29;3122.0
2013-10-30;3314.0
2013-11-01;3235.0
2013-11-05;3119.0
2013-11-06;3207.0
2013-11-14;3159.0
2013-11-15;3277.0
2013-11-16;3105.0
2013-11-19;3111.0
2013-11-22;3546.0
2013-11-25;3754.0
2013-11-26;3229.0
2013-12-03;3547.0
2013-12-09;3911.0
2013-12-28;3368.0
2014-01-05;3389.0
2014-01-08;3619.0
2014-01-24;3600.0
2014-01-25;3590.0
2014-01-26;3545.0
2014-02-09;3411.0
2014-02-14;3563.0
2014-02-23;3368.0
2014-02-24;3601.0
2014-03-06;3517.0
2014-03-11;3606.0
2014-03-23;3020.0
2014-03-27;3255.0
2014-04-03;3473.0
2014-04-08;3341.0
2014-04-19;3206.0
2014-04-23;2987.0
2014-04-29;3307.0
2014-05-04;3432.0
2014-05-08;3459.0
2014-05-10;3387.0
2014-05-12;3449.0
2014-05-18;3333.0
2014-05-28;3206.0
2014-05-30;3398.0
2014-05-31;3320.0
2014-06-07;3245.0
2014-06-10;3066.0
2014-06-14;3862.0
2014-06-17;3477.0
2014-06-24;3448.0
2014-06-26;3054.0
2014-06-28;3254.0
2014-07-01;3128.0
2014-07-05;3331.0
2014-07-06;3299.0
2014-07-07;3295.0
2014-07-11;3609.0
2014-07-20;3301.0
2014-07-21;3362.0
2014-07-22;3480.0
2014-07-23;3232.0
2014-07-27;3497.0
2014-08-11;3834.0
2014-08-13;3464.0
2014-08-14;3396.0
2014-08-20;3455.0
2014-08-21;3346.0
2014-09-04;3336.0
2014-09-05;3438.0
2014-09-07;3397.0
2014-09-13;3265.0
2014-09-21;3314.0
2014-09-23;3237.0
2014-09-25;3450.0
2014-09-28;3499.0
2014-09-30;3408.0
2014-10-07;3545.0
2014-10-13;3508.0
2014-10-19;3593.0
2014-10-24;3719.0
2014-11-02;3203.0
2014-11-04;3161.0
2014-11-22;3484.0
2014-11-23;3222.0
2014-11-28;3512.0
2014-11-30;3416.0
2014-12-04;3576.0
2014-12-06;3554.0
2014-12-07;3686.0
2014-12-14;3585.0
2014-12-15;3919.0
2014-12-19;3714.0
2014-12-22;3962.0
2014-12-23;3625.0
2014-12-27;3818.0
2014-12-29;3665.0
2015-01-10;4085.0
2015-01-13;4377.0
2015-01-16;4046.0
2015-01-19;4341.0
2015-01-23;4258.0
2015-01-24;4127.0
2015-02-02;4316.0
2015-02-04;3769.0
2015-02-06;3979.0
2015-02-20;3651.0
2015-02-23;3773.0
2015-02-24;3488.0
2015-02-28;3615.0
2015-03-06;3661.0
2015-03-07;3624.0
2015-03-08;3596.0
2015-03-16;3680.0
2015-03-18;3400.0
2015-03-22;3304.0
2015-03-30;3622.0
2015-04-18;3079.0
2015-04-19;3189.0
2015-04-25;3168.0
2015-04-30;3335.0
2015-05-01;3258.0
2015-05-06;3414.0
2015-05-29;3610.0
2015-06-05;3614.0
2015-06-07;3783.0
2015-06-09;3623.0
2015-06-14;3192.0
2015-06-19;3598.0
2015-06-27;3645.0
2015-07-03;3400.0
2015-07-04;3624.0
2015-07-08;3323.0
2015-07-10;3369.0
2015-07-14;3611.0
2015-07-15;3549.0
2015-07-19;3657.0
2015-07-21;3430.0
2015-07-23;3468.0
2015-08-09;3760.0
2015-08-10;3871.0
2015-08-17;3572.0
2015-08-18;3426.0
2015-08-24;3503.0
2015-08-30;3488.0
2015-09-07;3467.0
2015-09-25;3655.0
2015-09-27;3221.0
2015-10-01;3616.0
2015-10-13;3550.0
2015-10-17;3386.0
2015-10-19;3805.0
2015-10-31;3141.0
2015-11-04;3433.0
2015-11-06;3791.0
2015-11-09;3821.0
2015-11-15;3466.0
2015-11-18;3459.0
2015-11-22;3260.0
2015-11-25;3676.0
2015-11-27;3657.0
2015-12-06;3362.0
2015-12-19;3667.0
2015-12-23;3477.0
2015-12-27;3540.0
2016-01-08;3919.0
2016-01-10;3457.0
2016-01-15;3586.0
2016-01-19;3590.0
2016-02-03;3581.0
2016-02-05;3966.0
2016-02-07;3571.0
2016-02-14;3170.0
2016-02-17;3742.0
2016-02-18;3797.0
2016-02-20;3961.0
2016-02-21;3797.0
2016-03-04;3784.0
2016-03-07;3999.0
2016-03-12;3860.0
2016-03-14;4121.0
2016-04-01;3683.0
2016-04-08;3763.0
2016-04-09;3521.0
2016-04-11;3862.0
2016-04-12;3453.0
2016-04-22;3637.0
2016-05-02;3900.0
2016-05-07;3330.0
2016-05-20;3806.0
2016-06-07;3721.0
2016-06-10;3457.0
2016-06-11;3621.0
2016-06-12;3791.0
2016-06-21;3683.0
2016-06-24;3915.0
2016-06-25;3686.0
2016-07-09;3875.0
2016-07-10;3814.0
2016-07-15;3965.0
2016-07-22;3723.0
2016-07-25;4228.0
2016-08-02;3834.0
2016-08-07;4352.0
2016-08-20;3582.0
2016-08-30;3465.0
2016-09-11;3696.0
2016-09-18;3477.0
2016-10-09;3549.0
2016-10-10;3791.0
2016-10-25;3764.0
2016-11-10;3687.0
2016-11-14;3718.0
2016-11-16;3630.0
2016-11-21;3991.0
2016-11-28;4389.0
2016-11-29;4037.0
2016-11-30;3956.0
2016-12-01;3677.0
2016-12-02;4152.0
2016-12-04;3851.0
2016-12-06;4027.0
2016-12-16;4085.0
2016-12-18;4231.0
2016-12-23;4349.0
2016-12-26;4532.0
2016-12-30;4256.0
2016-12-31;3676.0
2017-01-04;4582.0
2017-01-13;3941.0
2017-01-17;3838.0
2017-01-28;3971.0
2017-02-10;3796.0
2017-02-16;3976.0
2017-02-26;3540.0
2017-03-12;3358.0
2017-03-13;3835.0
2017-03-14;3494.0
2017-03-18;3724.0
2017-03-19;3539.0
2017-03-24;3705.0
2017-03-29;3751.0
2017-04-02;3770.0
2017-04-03;3830.0
2017-04-04;3766.0
2017-04-12;3616.0
2017-04-16;3376.0
2017-04-19;3592.0
2017-04-21;3711.0
2017-04-22;3552.0
2017-04-30;3273.0
2017-05-01;3326.0
2017-05-07;3769.0
2017-05-08;3983.0
2017-05-29;3995.0
2017-06-03;3554.0
2017-06-06;3658.0
2017-06-11;3860.0
2017-06-15;3535.0
2017-07-04;3509.0
2017-07-11;3535.0
2017-07-14;3682.0
2017-07-20;3409.0
2017-07-21;3452.0
2017-07-24;3681.0
2017-08-02;3658.0
2017-08-04;3860.0
2017-08-11;3889.0
2017-08-16;3532.0
2017-08-19;3601.0
2017-08-26;3561.0
2017-08-27;3309.0
2017-08-28;3500.0
2017-08-29;3307.0
2017-09-01;3421.0
2017-09-05;3334.0
2017-09-20;3566.0
2017-09-24;3514.0
2017-10-02;4331.0
2017-10-04;3871.0
2017-10-07;3586.0
2017-10-08;3536.0
2017-10-09;3822.0
2017-10-14;3633.0
2017-10-15;3887.0
2017-10-19;3692.0
2017-10-22;3415.0
2017-10-24;3746.0
2017-10-28;3769.0
2017-11-05;3497.0
2017-11-09;3943.0
2017-11-18;3801.0
2017-11-21;3834.0
2017-12-04;4021.0
2017-12-18;4066.0
2017-12-21;3865.0
2018-01-06;3866.0
2018-01-13;3800.0
2018-01-25;3905.0
2018-01-31;4046.0
2018-02-09;4192.0
2018-02-17;4040.0
2018-02-25;4030.0
2018-02-26;4477.0
2012-01-01;4538.0
2012-01-03;3126.0
2012-01-11;2849.0
2012-01-15;3001.0
2012-01-16;3384.0
2012-01-20;3209.0
2012-01-26;3107.0
2012-02-02;3185.0
2012-02-03;3424.0
2012-02-15;3771.0
2012-02-22;3695.0
2012-02-26;3747.0
2012-03-01;3616.0
2012-03-04;3621.0
2012-03-14;3182.0
2012-03-18;2999.0
2012-03-19;3068.0
2012-03-21;2972.0
2012-03-22;3061.0
2012-03-24;3056.0
2012-03-27;3086.0
2012-04-09;2957.0
2012-04-16;3050.0
2012-04-23;2841.0
2012-04-28;2805.0
2012-04-29;2728.0
2012-05-04;3063.0
2012-05-05;2995.0
2012-05-18;2994.0
2012-06-05;2948.0
2012-06-19;2756.0
2012-06-24;3481.0
2012-06-27;3390.0
2012-07-01;3007.0
2012-07-02;3149.0
2012-07-05;2702.0
2012-07-06;2823.0
2012-07-08;2907.0
2012-07-09;2950.0
2012-07-19;3200.0
2012-07-20;3166.0
2012-07-22;3391.0
2012-07-25;3071.0
2012-08-02;2945.0
2012-08-03;2961.0
2012-08-04;3147.0
2012-08-05;3063.0
2012-08-08;3114.0
2012-08-16;3204.0
2012-08-19;3321.0
2012-08-23;3131.0
2012-08-25;3160.0
2012-08-30;2882.0
2012-09-08;3195.0
2012-09-09;3194.0
2012-09-13;2926.0
2012-09-14;2945.0
2012-09-25;2877.0
2012-09-28;3014.0
2012-09-29;3039.0
2012-10-07;3151.0
2012-10-15;3139.0
2012-10-17;2926.0
2012-10-18;3084.0
2012-10-19;3242.0
2012-10-20;3062.0
2012-11-05;2953.0
2012-11-15;3158.0
2012-11-17;3055.0
2012-11-19;3079.0
2012-11-25;3122.0
2012-11-26;3169.0
2012-11-30;3155.0
2012-12-06;3315.0
2012-12-09;3064.0
2012-12-12;3255.0
2012-12-18;3152.0
2012-12-23;3488.0
2012-12-27;3171.0
2012-12-28;3070.0
2013-01-09;3297.0
2013-01-15;3246.0
2013-01-16;3099.0
2013-01-17;3315.0
2013-01-20;3356.0
2013-01-28;3393.0
2013-02-04;3685.0
2013-02-05;3182.0
2013-02-10;3023.0
2013-02-11;3182.0
2013-02-19;3237.0
2013-02-23;3231.0
2013-03-04;3529.0
2013-03-10;3254.0
2013-03-14;3165.0
2013-03-21;3086.0
2013-03-22;3058.0
2013-03-24;3202.0
2013-03-25;3057.0
2013-03-26;2964.0
2013-03-29;2995.0
2013-03-31;3107.0
2013-04-03;3080.0
2013-04-08;3081.0
2013-04-09;2906.0
2013-04-13;3130.0
2013-04-28;2868.0
2013-05-06;3351.0
2013-05-08;3261.0
2013-05-11;3180.0
2013-05-16;3178.0
2013-05-21;3025.0
2013-05-24;3178.0
2013-05-25;3228.0
2013-06-08;3228.0
2013-06-13;3169.0
2013-06-14;3110.0
2013-06-15;2984.0
2013-06-22;3122.0
2013-06-23;3156.0
2013-07-05;3727.0
2013-07-09;3991.0
2013-07-12;3558.0
2013-07-18;3059.0
2013-07-25;3284.0
2013-07-26;3093.0
2013-07-28;3118.0
2013-08-03;3364.0
2013-08-10;3766.0
2013-08-12;3568.0
2013-08-18;3263.0
2013-08-21;3291.0
2013-09-02;3250.0
2013-09-06;3114.0
2013-09-13;3336.0
2013-09-18;3059.0
2013-10-03;3354.0
2013-10-07;3318.0
2013-10-09;3245.0
2013-10-14;3363.0
2013-10-16;3170.0
2013-10-22;3157.0
2013-11-02;3206.0
2013-11-03;3182.0
2013-11-07;3317.0
2013-11-11;3564.0
2013-11-17;3112.0
2013-12-02;3799.0
2013-12-07;3694.0
2013-12-12;3587.0
2013-12-16;3747.0
2013-12-19;3496.0
2013-12-21;3732.0
2013-12-24;3568.0
2014-01-01;4692.0
2014-01-28;3373.0
2014-01-31;3737.0
2014-02-12;3732.0
2014-02-15;3507.0
2014-02-17;3660.0
2014-03-01;3408.0
2014-03-13;3461.0
2014-03-16;3285.0
2014-03-19;3329.0
2014-03-21;3375.0
2014-03-24;3306.0
2014-03-26;3302.0
2014-04-05;3380.0
2014-04-06;3702.0
2014-04-16;3343.0
2014-04-22;3178.0
2014-04-26;3250.0
2014-05-01;3099.0
2014-05-07;3243.0
2014-05-17;3307.0
2014-05-23;3304.0
2014-05-25;3241.0
2014-05-27;3246.0
2014-06-04;3284.0
2014-06-08;3133.0
2014-06-09;3472.0
2014-06-16;3669.0
2014-06-18;3266.0
2014-06-25;3183.0
2014-06-27;3175.0
2014-07-12;3699.0
2014-07-18;3221.0
2014-07-25;3342.0
2014-07-29;3496.0
2014-08-08;3667.0
2014-08-22;3420.0
2014-08-23;3496.0
2014-08-25;3353.0
2014-08-26;3357.0
2014-08-27;3396.0
2014-08-28;3282.0
2014-08-29;3328.0
2014-08-30;3442.0
2014-09-03;3330.0
2014-09-14;3297.0
2014-09-16;3218.0
2014-09-18;3237.0
2012-01-07;3035.0
2012-01-18;3065.0
2012-01-19;3264.0
2012-01-29;3176.0
2012-02-06;4068.0
2012-02-07;3500.0
2012-02-08;3329.0
2012-02-11;3634.0
2012-02-14;3754.0
2012-02-19;3912.0
2012-02-20;3642.0
2012-02-21;3717.0
2012-02-23;3863.0
2012-02-24;3860.0
2012-03-11;3360.0
2012-03-12;3443.0
2012-03-16;3107.0
2012-03-17;2860.0
2012-03-26;3305.0
2012-03-28;3133.0
2012-03-31;2951.0
2012-04-06;2761.0
2012-04-10;2658.0
2012-04-12;2813.0
2012-04-17;2860.0
2012-04-25;2455.0
2012-04-26;2808.0
2012-05-03;3058.0
2012-05-12;3496.0
2012-05-17;3169.0
2012-05-24;3153.0
2012-05-28;2997.0
2012-06-07;2787.0
2012-06-14;2921.0
2012-06-15;2995.0
2012-06-18;2952.0
2012-06-26;3425.0
2012-06-30;3134.0
2012-07-04;2806.0
2012-07-07;3006.0
2012-07-10;2831.0
2012-07-11;2772.0
2012-07-12;2825.0
2012-07-13;2980.0
2012-07-14;2853.0
2012-07-18;3352.0
2012-07-23;3214.0
2012-07-24;3111.0
2012-07-28;3400.0
2012-08-15;2999.0
2012-09-05;2966.0
2012-09-06;3172.0
2012-09-23;2746.0
2012-10-03;2971.0
2012-10-11;3280.0
2012-10-21;2992.0
2012-10-22;3285.0
2012-11-02;3054.0
2012-11-08;3118.0
2012-11-09;3287.0
2012-11-11;3021.0
2012-11-16;3137.0
2012-11-18;3046.0
2012-11-20;2952.0
2012-11-21;3002.0
2012-11-23;3142.0
2012-12-04;3073.0
2012-12-05;3200.0
2012-12-13;3506.0
2012-12-16;3466.0
2012-12-21;3522.0
2012-12-26;3418.0
2013-01-03;3291.0
2013-01-07;3436.0
2013-01-18;3408.0
2013-01-19;2964.0
2013-01-25;3401.0
2013-01-29;3265.0
2013-01-31;3304.0
2013-02-15;3562.0
2013-02-17;3036.0
2013-02-20;3267.0
2013-03-07;3418.0
2013-03-12;3211.0
2013-03-17;3235.0
2013-03-19;3004.0
2013-04-01;3215.0
2013-04-04;3130.0
2013-04-07;3009.0
2013-04-11;2978.0
2013-04-19;3202.0
2013-04-20;2956.0
2013-04-24;3221.0
2013-04-25;3075.0
2013-04-26;3225.0
2013-04-29;2986.0
2013-05-02;3096.0
2013-05-05;3439.0
2013-05-09;3137.0
2013-05-13;3361.0
2013-05-19;2930.0
2013-05-23;3254.0
2013-05-27;3324.0
2013-05-28;2932.0
2013-05-30;3265.0
2013-05-31;3298.0
2013-06-01;3403.0
2013-06-04;3494.0
2013-06-12;2978.0
2013-06-18;2815.0
2013-06-27;3321.0
2013-06-30;4037.0
2013-07-08;4914.0
2013-07-13;3410.0
2013-07-14;3361.0
2013-07-15;3283.0
2013-07-16;3056.0
2013-07-27;3192.0
2013-07-30;3184.0
2013-07-31;3070.0
2013-08-01;938.0
2013-08-17;3571.0
2013-08-19;3489.0
2013-08-20;3406.0
2013-09-01;3195.0
2013-09-17;2968.0
2013-09-21;3434.0
2013-09-26;3244.0
2013-10-02;3233.0
2013-10-19;2980.0
2013-10-26;3137.0
2013-10-27;3218.0
2013-10-31;3268.0
2013-11-08;3248.0
2013-11-10;3336.0
2013-11-12;3273.0
2013-11-13;3354.0
2013-11-23;3177.0
2013-11-28;3514.0
2013-12-01;3625.0
2013-12-04;3617.0
2013-12-06;3693.0
2013-12-17;3537.0
2013-12-20;3441.0
2013-12-22;3690.0
2013-12-23;3778.0
2013-12-27;3737.0
2014-01-06;3878.0
2014-01-10;3776.0
2014-01-12;3165.0
2014-01-19;3206.0
2014-01-20;3721.0
2014-01-23;3425.0
2014-01-27;3681.0
2014-02-02;3428.0
2014-02-08;3381.0
2014-02-11;3516.0
2014-02-18;3598.0
2014-02-26;3579.0
2014-02-27;2480.0
2014-03-09;3468.0
2014-03-10;3916.0
2014-03-14;3384.0
2014-03-17;3483.0
2014-03-18;3223.0
2014-03-20;3286.0
2014-03-28;3385.0
2014-03-30;3042.0
2014-04-01;3524.0
2014-04-04;3359.0
2014-04-07;3514.0
2014-04-09;3394.0
2014-04-11;3353.0
2014-04-17;3411.0
2014-04-27;3208.0
2014-04-30;3411.0
2014-05-02;3703.0
2014-05-03;3451.0
2014-05-05;3547.0
2014-05-06;3266.0
2014-05-13;3307.0
2014-05-16;3569.0
2014-05-20;3186.0
2014-05-22;3146.0
2014-06-03;3209.0
2014-06-15;3595.0
2014-06-21;3231.0
2014-06-23;3373.0
2014-07-13;3630.0
2014-07-14;3877.0
2014-07-15;3460.0
2014-07-17;3198.0
2014-07-24;3218.0
2014-07-26;3602.0
2014-07-28;3584.0
2014-08-04;3513.0
2014-08-07;3444.0
2014-08-09;3588.0
2014-08-10;3556.0
2014-08-17;3683.0
2014-08-24;3220.0
2014-09-12;3312.0
2014-09-22;3412.0
2014-09-24;3373.0
2014-09-26;3484.0
2014-10-01;3559.0
2014-10-02;3807.0
2014-10-03;3527.0
2014-10-04;3335.0
2014-10-05;3235.0
2014-10-06;3589.0
2014-10-16;3645.0
2014-10-22;3820.0
2014-10-29;3395.0
2014-11-06;3485.0
2014-11-08;3212.0
2014-11-09;3325.0
2014-11-13;3520.0
2014-11-18;3343.0
2014-11-20;3503.0
2014-11-25;3477.0
2014-12-08;3388.0
2014-12-13;3581.0
2014-12-21;3484.0
2014-12-26;4037.0
2014-12-28;3736.0
2015-01-01;5015.0
2015-01-02;3883.0
2015-01-12;4310.0
2015-01-25;3954.0
2015-01-30;3854.0
2015-02-09;4281.0
2015-02-19;3924.0
2015-02-27;3801.0
2015-03-03;3503.0
2015-03-17;3352.0
2015-03-21;3364.0
2015-03-24;3253.0
2015-03-28;3357.0
2015-04-03;3324.0
2015-04-04;3434.0
2015-04-06;3359.0
2015-04-09;3219.0
2015-04-11;3378.0
2015-04-13;3681.0
2015-04-15;3178.0
2015-04-23;3293.0
2015-04-29;3263.0
2015-05-05;3266.0
2015-05-08;3362.0
2015-05-10;3564.0
2015-05-16;3610.0
2015-05-20;3153.0
2015-05-24;3275.0
2015-05-27;3588.0
2015-05-28;3798.0
2015-06-06;3625.0
2015-06-13;3128.0
2015-06-24;3616.0
2015-06-25;3467.0
2015-06-26;3580.0
2015-06-30;3356.0
2015-07-06;3515.0
2015-07-25;3397.0
2015-07-30;3546.0
2015-08-03;3627.0
2015-08-06;3725.0
2015-08-14;3345.0
2015-08-19;3410.0
2015-08-22;3437.0
2015-08-29;3577.0
2015-08-31;3598.0
2015-09-04;3311.0
2015-09-05;3367.0
2015-09-08;3204.0
2015-09-12;3337.0
2015-09-15;3129.0
2015-09-20;3583.0
2015-09-23;3355.0
2015-09-24;3568.0
2015-09-29;3498.0
2015-09-30;3626.0
2015-10-04;3325.0
2015-10-09;3779.0
2015-10-15;3655.0
2015-10-21;3447.0
2015-10-25;3505.0
2015-10-29;3518.0
2015-11-01;3604.0
2015-11-03;3631.0
2015-11-08;3354.0
2015-11-11;3605.0
2015-11-17;3255.0
2015-11-26;3752.0
2015-11-28;3476.0
2015-11-30;3659.0
2015-12-01;3451.0
2015-12-15;3799.0
2015-12-22;3437.0
2015-12-28;3755.0
2015-12-29;3532.0
2015-12-30;3559.0
2016-01-04;3835.0
2016-01-05;3613.0
2016-01-07;3939.0
2016-01-20;3635.0
2016-02-04;3619.0
2016-02-06;3527.0
2016-02-11;3774.0
2016-02-13;3285.0
2016-02-15;3963.0
2016-02-19;4050.0
2016-02-22;4045.0
2016-02-24;3566.0
2016-02-27;3485.0
2016-03-05;3669.0
2016-03-06;3646.0
2016-03-09;3618.0
2016-03-18;3825.0
2016-03-19;3572.0
2016-03-21;3827.0
2016-03-28;3596.0
2016-03-29;3529.0
2016-04-04;3814.0
2016-04-07;3629.0
2016-04-13;3402.0
2016-04-14;3604.0
2016-04-17;3694.0
2016-04-21;3664.0
2016-04-26;3828.0
2016-04-27;3321.0
2016-05-04;3806.0
2016-05-09;3814.0
2016-05-11;3388.0
2016-05-23;3841.0
2016-05-25;3560.0
2016-05-29;3356.0
2016-06-02;3668.0
2016-06-06;3865.0
2016-06-09;3871.0
2016-06-13;3713.0
2016-06-14;3459.0
2016-06-15;3379.0
2016-06-16;3438.0
2016-06-19;3489.0
2016-06-27;3949.0
2016-07-01;3671.0
2016-07-12;3709.0
2016-07-14;3819.0
2016-07-20;3688.0
2016-07-28;3994.0
2016-07-29;3966.0
2016-07-31;3936.0
2016-08-17;3748.0
2016-08-24;3730.0
2016-09-01;3682.0
2016-09-02;3664.0
2016-09-07;3703.0
2016-09-12;3835.0
2016-09-28;3801.0
2016-10-05;3220.0
2016-10-08;3337.0
2016-10-11;3569.0
2016-10-13;3607.0
2016-10-16;3465.0
2016-10-19;3730.0
2016-10-20;3772.0
2016-10-21;3610.0
2016-10-22;3370.0
2016-10-28;3892.0
2016-11-02;3607.0
2016-11-03;3688.0
2016-11-05;3254.0
2016-11-13;3642.0
2016-11-17;3742.0
2016-11-18;3459.0
2016-11-23;3873.0
2016-12-05;4318.0
2016-12-09;4168.0
2016-12-11;3833.0
2016-12-12;4090.0
2016-12-13;4022.0
2016-12-17;4370.0
2016-12-19;4506.0
2017-01-02;4592.0
2017-01-06;4185.0
2017-01-07;3946.0
2017-01-09;4541.0
2017-01-11;4257.0
2017-01-15;3785.0
2017-01-26;4122.0
2017-01-30;4306.0
2017-02-01;4029.0
2017-02-06;4232.0
2017-02-12;3641.0
2017-02-13;4000.0
2017-02-14;3599.0
2017-02-15;3841.0
2017-02-24;3803.0
2017-02-28;3488.0
2017-03-03;3471.0
2017-03-05;3476.0
2017-03-06;3993.0
2017-03-08;3746.0
2017-03-09;3935.0
2017-03-11;3548.0
2017-03-16;3661.0
2017-03-22;3417.0
2017-03-28;3754.0
2017-04-07;3417.0
2017-04-10;3769.0
2017-04-15;3572.0
2017-04-17;3585.0
2017-04-23;3623.0
2017-04-24;3758.0
2017-04-29;3355.0
2017-05-14;3537.0
2017-05-19;3704.0
2017-05-26;3566.0
2017-05-30;3692.0
2017-06-02;3693.0
2017-06-14;3733.0
2017-06-20;4034.0
2017-06-23;3957.0
2017-07-03;3926.0
2017-07-13;3761.0
2017-07-16;3577.0
2017-07-18;3691.0
2017-07-19;3402.0
2017-07-25;3593.0
2017-07-30;3617.0
2017-07-31;3691.0
2017-08-06;3760.0
2017-08-07;3829.0
2017-08-15;3707.0
2017-08-22;3684.0
2017-09-06;3643.0
2017-09-11;3659.0
2017-09-14;3431.0
2017-09-15;3450.0
2017-09-19;3466.0
2017-10-05;3438.0
2017-10-13;3879.0
2017-10-23;3834.0
2017-10-25;3667.0
2017-11-03;3673.0
2017-11-04;3473.0
2017-11-11;3936.0
2017-11-17;3992.0
2017-11-22;3802.0
2017-11-23;4042.0
2017-11-30;3848.0
2017-12-13;3995.0
2017-12-20;4038.0
2017-12-22;3980.0
2017-12-31;3780.0
2018-01-01;4928.0
2018-01-02;4454.0
2018-01-03;4459.0
2018-01-04;4304.0
2018-01-07;3756.0
2018-01-09;3835.0
2018-01-10;3990.0
2018-01-19;4231.0
2018-01-21;3743.0
2018-01-28;3965.0
2018-02-19;4396.0
2018-02-21;4209.0
2018-02-24;3998.0
2012-01-06;3354.0
2012-01-09;3257.0
2012-01-10;3126.0
2012-01-12;2982.0
2012-01-21;3159.0
2012-01-22;3254.0
2012-01-31;3310.0
2012-02-04;3592.0
2012-02-09;3401.0
2012-02-17;3926.0
2012-03-03;3553.0
2012-03-05;3769.0
2012-03-10;3513.0
2012-03-13;3214.0
2012-03-25;3242.0
2012-04-19;2894.0
2012-04-21;2895.0
2012-04-22;2851.0
2012-04-24;2867.0
2012-05-01;2675.0
2012-05-06;3252.0
2012-05-09;3412.0
2012-05-16;3270.0
2012-05-21;3060.0
2012-05-22;2931.0
2012-05-27;3041.0
2012-06-02;2982.0
2012-06-06;3093.0
2012-06-09;2964.0
2012-06-10;3093.0
2012-06-17;2976.0
2012-06-21;2677.0
2012-06-23;3000.0
2012-06-29;3135.0
2012-07-17;3465.0
2012-07-27;3026.0
2012-07-29;3391.0
2012-07-31;2881.0
2012-08-06;3202.0
2012-08-07;3148.0
2012-08-12;3321.0
2012-08-13;3360.0
2012-08-18;3243.0
2012-08-24;3119.0
2012-08-27;3118.0
2012-08-29;2819.0
2012-09-01;3213.0
2012-09-02;3294.0
2012-09-03;3211.0
2012-09-20;3087.0
2012-09-21;3065.0
2012-09-27;3015.0
2012-10-01;3145.0
2012-10-09;3319.0
2012-10-10;3145.0
2012-10-16;2925.0
2012-10-28;2987.0
2012-10-29;3094.0
2012-10-30;2989.0
2012-11-03;3074.0
2012-11-04;2748.0
2012-11-10;2931.0
2012-11-12;3360.0
2012-11-13;3081.0
2012-11-24;3091.0
2012-12-01;3266.0
2012-12-02;3196.0
2012-12-07;3661.0
2012-12-08;3387.0
2012-12-14;3489.0
2012-12-20;3096.0
2012-12-22;3420.0
2012-12-24;3160.0
2012-12-25;3146.0
2012-12-30;2918.0
2013-01-02;3284.0
2013-01-04;3252.0
2013-01-06;3132.0
2013-01-10;3529.0
2013-01-14;3544.0
2013-01-22;3147.0
2013-01-27;3097.0
2013-01-30;3261.0
2013-02-01;3276.0
2013-02-14;3397.0
2013-02-26;3359.0
2013-03-27;3225.0
2013-04-02;3161.0
2013-04-06;3075.0
2013-04-14;3247.0
2013-04-15;3315.0
2013-04-16;3152.0
2013-04-21;2923.0
2013-04-22;3210.0
2013-04-27;2880.0
2013-05-01;2963.0
2013-05-03;3301.0
2013-05-10;3279.0
2013-05-12;3249.0
2013-05-22;3155.0
2013-05-26;2986.0
2013-06-03;3570.0
2013-06-05;3212.0
2013-06-10;2835.0
2013-06-17;2920.0
2013-06-20;2936.0
2013-06-21;3049.0
2013-06-24;3693.0
2013-06-26;3356.0
2013-07-01;3773.0
2013-07-03;3282.0
2013-07-06;4311.0
2013-07-10;3924.0
2013-07-11;3712.0
2013-07-17;3158.0
2013-07-20;3326.0
2013-07-22;3237.0
2013-07-23;3205.0
2013-08-02;2564.0
2013-08-05;3329.0
2013-08-07;2966.0
2013-08-11;3754.0
2013-08-13;3486.0
2013-08-16;3532.0
2013-08-26;3235.0
2013-08-27;3236.0
2013-08-29;3279.0
2013-09-05;3126.0
2013-09-12;3114.0
2013-09-16;3202.0
2013-09-19;3233.0
2013-09-23;3383.0
2013-10-01;3148.0
2013-10-05;3172.0
2013-10-06;3240.0
2013-10-08;3294.0
2013-10-17;3368.0
2013-10-20;3055.0
2013-10-21;3336.0
2013-10-24;3207.0
2013-10-25;3229.0
2013-11-04;3378.0
2013-11-24;3479.0
2013-12-29;3525.0
2013-12-30;3468.0
2013-12-31;3513.0
2014-01-04;3213.0
2014-01-07;3527.0
2014-01-13;3407.0
2014-01-14;3325.0
2014-01-21;3475.0
2014-01-30;3558.0
2014-02-04;3370.0
2014-02-07;3676.0
2014-02-10;3819.0
2014-02-13;3826.0
2014-02-21;3381.0
2014-02-25;3414.0
2014-02-28;3676.0
2014-03-03;3307.0
2014-03-12;3483.0
2014-03-15;3379.0
2014-03-29;3304.0
2014-03-31;3641.0
2014-04-15;3161.0
2014-04-24;3080.0
2014-05-14;3356.0
2014-05-26;3377.0
2014-06-01;3482.0
2014-06-05;3515.0
2014-06-06;3271.0
2014-06-11;3513.0
2014-06-12;3571.0
2014-06-22;3180.0
2014-06-29;3131.0
2014-06-30;3300.0
2014-07-03;3186.0
2014-07-04;3260.0
2014-07-10;3496.0
2014-07-16;3348.0
2014-07-30;3413.0
2014-08-03;3506.0
2014-08-05;3310.0
2014-08-06;3472.0
2014-08-12;3410.0
2014-08-16;3636.0
2014-08-18;3686.0
2014-08-19;3384.0
2014-08-31;3414.0
2014-09-01;3629.0
2014-09-09;3344.0
2014-09-11;3301.0
2014-09-15;3372.0
2014-09-17;3349.0
2014-10-12;3339.0
2014-10-14;3337.0
2014-10-17;3759.0
2014-10-18;3492.0
2014-10-21;3697.0
2014-10-23;3724.0
2014-10-27;3760.0
2014-10-30;3723.0
2014-11-05;3340.0
2014-11-11;3786.0
2014-11-14;3341.0
2014-11-15;3384.0
2014-11-16;3622.0
2014-11-17;3807.0
2014-11-27;3580.0
2014-12-05;3618.0
2014-12-09;3798.0
2014-12-16;3668.0
2014-12-18;3612.0
2014-12-25;3837.0
2014-12-30;3746.0
2015-01-03;4093.0
2015-01-11;4159.0
2015-01-17;3881.0
2015-01-20;3977.0
2015-01-21;3877.0
2015-01-22;4005.0
2015-01-27;4074.0
2015-01-28;3958.0
2015-02-01;3862.0
2015-02-03;3815.0
2015-02-05;3882.0
2015-02-07;3971.0
2015-02-10;3925.0
2015-02-11;4125.0
2015-02-13;4115.0
2015-02-14;3861.0
2015-02-16;3954.0
2015-03-04;3718.0
2015-03-10;3495.0
2015-03-14;3350.0
2015-03-23;3606.0
2015-03-25;3189.0
2015-03-27;3510.0
2015-03-29;3059.0
2015-03-31;3394.0
2015-04-01;3396.0
2015-04-05;3261.0
2015-04-16;3321.0
2015-04-17;3435.0
2015-04-21;3274.0
2015-04-28;3297.0
2015-05-02;3399.0
2015-05-03;3260.0
2015-05-11;3793.0
2015-05-18;3547.0
2015-05-22;3531.0
2015-05-30;3448.0
2015-06-02;3395.0
2015-06-03;3576.0
2015-07-02;3339.0
2015-07-11;3557.0
2015-07-16;3437.0
2015-07-22;3546.0
2015-08-02;3678.0
2015-08-07;3417.0
2015-08-16;3470.0
2015-08-21;3524.0
2015-08-23;3326.0
2015-08-25;3377.0
2015-08-27;3351.0
2015-08-28;3511.0
2015-09-01;3318.0
2015-09-03;3332.0
2015-09-16;3329.0
2015-09-17;3300.0
2015-09-18;3316.0
2015-09-22;3232.0
2015-09-28;3844.0
2015-10-03;3431.0
2015-11-02;3548.0
2015-11-07;3677.0
2015-11-13;3584.0
2015-11-14;3530.0
2015-11-21;3182.0
2015-11-29;3308.0
2015-12-04;3729.0
2015-12-05;3627.0
2015-12-07;3816.0
2015-12-11;3655.0
2015-12-13;3450.0
2015-12-16;3740.0
2015-12-17;3689.0
2015-12-26;3682.0
2016-01-12;3768.0
2016-01-16;3581.0
2016-01-21;3900.0
2016-01-23;3845.0
2016-01-28;3542.0
2016-01-30;3536.0
2016-02-08;3670.0
2016-02-09;3275.0
2016-02-25;3770.0
2016-02-28;3554.0
2016-03-10;3917.0
2016-03-13;3979.0
2016-03-16;3746.0
2016-03-24;3618.0
2016-03-26;3352.0
2016-03-27;3283.0
2016-03-30;3337.0
2016-04-03;3384.0
2016-04-05;3698.0
2016-04-06;3973.0
2016-04-25;3514.0
2016-04-28;3554.0
2016-04-30;3561.0
2016-05-30;3726.0
2016-06-04;3607.0
2016-06-05;3707.0
2016-06-22;3610.0
2016-07-06;3638.0
2016-07-17;4054.0
2016-07-18;4108.0
2016-07-23;3904.0
2016-07-30;3887.0
2016-08-04;3723.0
2016-08-05;3843.0
2016-08-06;4061.0
2016-08-09;4219.0
2016-08-12;4145.0
2016-08-23;3691.0
2016-09-03;3734.0
2016-09-14;3275.0
2016-09-16;3566.0
2016-09-21;3383.0
2016-09-23;3775.0
2016-09-25;3503.0
2016-09-27;3775.0
2016-09-29;3983.0
2016-10-02;3564.0
2016-10-14;3695.0
2016-10-15;3348.0
2016-10-18;3723.0
2016-10-27;3879.0
2016-11-04;3537.0
2016-11-06;3206.0
2016-11-11;3755.0
2016-11-19;3429.0
2016-11-22;3761.0
2016-11-24;3809.0
2016-11-25;3904.0
2016-12-07;3959.0
2016-12-08;3631.0
2016-12-14;3924.0
2016-12-22;4139.0
2016-12-24;4223.0
2017-01-01;4488.0
2017-01-18;3612.0
2017-01-20;3993.0
2017-01-21;3993.0
2017-01-23;4312.0
2017-01-24;4044.0
2017-02-03;3640.0
2017-02-09;3681.0
2017-02-21;3725.0
2017-03-02;3671.0
2017-03-15;3746.0
2017-03-21;3518.0
2017-03-26;3244.0
2017-03-27;3859.0
2017-03-31;3788.0
2017-04-05;3591.0
2017-04-06;3584.0
2017-04-08;3590.0
2017-04-09;3634.0
2017-04-14;3233.0
2017-05-05;3542.0
2017-05-12;3244.0
2017-05-13;3540.0
2017-05-15;4034.0
2017-06-04;3426.0
2017-06-05;3762.0
2017-06-07;3687.0
2017-06-16;4164.0
2017-06-19;4212.0
2017-06-21;3986.0
2017-06-25;3565.0
2017-07-01;3329.0
2017-07-05;3475.0
2017-07-08;3518.0
2017-07-15;3422.0
2017-07-28;3664.0
2017-08-03;3866.0
2017-08-09;3635.0
2017-08-18;3444.0
2017-08-20;3752.0
2017-09-03;3602.0
2017-09-04;3648.0
2017-09-08;3533.0
2017-09-18;3672.0
2017-09-25;3713.0
2017-09-26;3653.0
2017-09-29;3809.0
2017-09-30;3489.0
2017-10-03;3867.0
2017-10-11;3810.0
2017-10-12;4027.0
2017-10-20;3906.0
2017-11-02;3786.0
2017-11-06;4097.0
2017-11-07;3758.0
2017-11-08;3517.0
2017-11-14;3864.0
2017-11-15;3818.0
2017-11-19;3749.0
2017-11-25;3698.0
2017-11-29;3817.0
2017-12-02;3563.0
2017-12-07;3895.0
2017-12-09;4036.0
2017-12-14;4195.0
2017-12-15;4103.0
2017-12-23;4047.0
2017-12-24;4053.0
2017-12-26;4152.0
2017-12-28;4418.0
2017-12-30;4383.0
2018-01-23;4015.0
2018-01-24;3928.0
2018-02-01;3965.0
2018-02-10;4134.0
2018-02-14;4302.0
2018-02-16;4392.0
2012-01-02;3263.0
2012-01-04;3199.0
2012-01-05;2999.0
2012-01-08;2896.0
2012-01-17;3122.0
2012-01-23;3086.0
2012-01-24;2999.0
2012-01-25;3002.0
2012-01-30;3224.0
2012-02-01;3181.0
2012-02-05;3576.0
2012-02-10;3835.0
2012-02-16;3769.0
2012-02-18;3831.0
2012-02-27;4009.0
2012-02-28;3605.0
2012-03-02;3691.0
2012-03-20;3063.0
2012-03-29;3055.0
2012-04-01;2976.0
2012-04-03;2615.0
2012-04-04;2657.0
2012-04-07;2841.0
2012-04-08;3075.0
2012-04-14;2772.0
2012-04-20;3019.0
2012-05-07;2938.0
2012-05-08;3062.0
2012-05-10;3843.0
2012-05-11;3413.0
2012-05-14;3392.0
2012-05-15;3236.0
2012-05-19;2831.0
2012-05-20;2788.0
2012-05-25;3075.0
2012-05-29;2888.0
2012-06-03;3205.0
2012-06-04;3278.0
2012-06-11;2932.0
2012-06-12;2743.0
2012-06-16;3011.0
2012-06-25;3469.0
2012-07-15;3036.0
2012-07-21;3220.0
2012-07-26;3000.0
2012-07-30;3243.0
2012-08-01;2926.0
2012-08-09;3313.0
2012-08-10;3006.0
2012-08-14;3118.0
2012-08-22;3133.0
2012-08-26;3150.0
2012-08-28;2927.0
2012-09-07;3093.0
2012-09-10;3179.0
2012-09-12;3000.0
2012-09-15;3161.0
2012-09-17;3083.0
2012-09-24;2851.0
2012-10-02;2894.0
2012-10-04;3184.0
2012-10-05;2978.0
2012-10-08;3330.0
2012-10-14;2887.0
2012-10-24;2963.0
2012-10-25;3076.0
2012-10-26;3186.0
2012-11-01;3037.0
2012-11-06;2824.0
2012-11-14;2908.0
2012-11-27;3005.0
2012-11-29;3091.0
2012-12-03;3415.0
2012-12-11;3261.0
2012-12-19;3173.0
2012-12-29;2951.0
2013-01-01;4279.0
2013-01-13;3096.0
2013-02-06;3099.0
2013-02-08;3448.0
2013-02-12;3091.0
2013-02-16;3230.0
2013-02-22;3445.0
2013-02-24;3243.0
2013-02-25;3394.0
2013-02-27;3238.0
2013-02-28;3358.0
2013-03-01;3585.0
2013-03-06;3572.0
2013-03-15;3509.0
2013-03-18;3444.0
2013-03-23;3169.0
2013-03-30;3094.0
2013-04-12;3318.0
2013-04-17;3091.0
2013-04-23;3023.0
2013-05-04;3090.0
2013-05-14;3123.0
2013-05-15;2919.0
2013-05-18;2852.0
2013-06-06;3106.0
2013-06-07;3175.0
2013-06-09;2957.0
2013-06-16;3159.0
2013-06-19;2755.0
2013-06-25;3328.0
2013-06-28;3500.0
2013-07-07;4828.0
2013-07-19;3196.0
2013-07-21;3133.0
2013-07-29;3263.0
2013-08-15;3510.0
2013-08-23;3309.0
2013-08-24;3329.0
2013-08-25;3368.0
2013-08-28;3255.0
2013-08-30;3238.0
2013-09-04;3156.0
2013-09-08;3153.0
2013-09-11;3080.0
2013-09-22;3419.0
2013-09-25;3367.0
2013-10-04;3483.0
2013-10-12;2973.0
2013-10-13;3074.0
2013-10-18;3143.0
2013-10-23;3125.0
2013-11-09;3123.0
2013-11-18;3498.0
2013-11-20;3329.0
2013-11-21;3301.0
2013-11-27;3489.0
2013-11-29;3756.0
2013-11-30;3568.0
2013-12-05;3667.0
2013-12-08;3570.0
2013-12-10;3442.0
2013-12-11;3508.0
2013-12-13;3966.0
2013-12-14;3613.0
2013-12-15;3476.0
2013-12-18;3314.0
2013-12-25;3583.0
2013-12-26;3787.0
2014-01-02;3886.0
2014-01-03;3696.0
2014-01-09;3593.0
2014-01-11;3065.0
2014-01-15;3463.0
2014-01-16;3410.0
2014-01-17;3513.0
2014-01-18;3380.0
2014-01-22;3522.0
2014-01-29;3489.0
2014-02-01;3383.0
2014-02-03;3766.0
2014-02-05;3560.0
2014-02-06;3611.0
2014-02-16;3410.0
2014-02-19;3815.0
2014-02-20;3558.0
2014-02-22;3487.0
2014-03-02;3523.0
2014-03-04;3143.0
2014-03-05;3383.0
2014-03-07;3598.0
2014-03-08;3491.0
2014-03-22;3033.0
2014-03-25;3041.0
2014-04-02;3489.0
2014-04-10;3340.0
2014-04-12;3362.0
2014-04-13;3504.0
2014-04-14;3573.0
2014-04-18;3143.0
2014-04-20;3108.0
2014-04-21;3289.0
2014-04-25;3016.0
2014-04-28;3364.0
2014-05-09;3598.0
2014-05-11;3453.0
2014-05-15;3474.0
2014-05-19;3401.0
2014-05-21;3066.0
2014-05-24;3168.0
2014-06-02;3737.0
2014-06-13;3968.0
2014-06-19;3417.0
2014-06-20;3203.0
2014-07-02;3229.0
2014-07-08;3152.0
2014-07-09;3289.0
2014-07-19;3288.0
2014-07-31;3386.0
2014-08-01;3416.0
2014-08-02;3580.0
2014-08-15;3476.0
2014-09-02;3423.0
2014-09-06;3559.0
2014-09-08;3470.0
2014-09-10;3408.0
2014-09-19;3384.0
2014-09-20;3440.0
2014-09-27;3318.0
2014-10-20;3856.0
2014-10-28;3441.0
2014-11-01;3409.0
2014-11-07;3645.0
2014-11-24;3903.0
2014-12-01;3754.0
2014-12-02;3387.0
2014-12-12;3690.0
2014-12-17;3330.0
2014-12-20;3799.0
2014-12-24;3506.0
2014-12-31;3690.0
2015-01-04;3927.0
2015-01-05;4298.0
2015-01-06;4079.0
2015-01-07;3777.0
2015-01-09;4452.0
2015-01-14;4174.0
2015-01-15;4194.0
2015-01-18;3935.0
2015-01-29;4018.0
2015-02-12;3949.0
2015-02-21;3653.0
2015-02-22;3523.0
2015-02-26;3787.0
2015-03-05;3626.0
2015-03-11;3510.0
2015-03-20;3664.0
2015-04-07;3329.0
2015-04-10;3441.0
2015-04-12;3302.0
2015-04-14;3386.0
2015-05-04;3500.0
2015-05-07;3436.0
2015-05-09;3518.0
2015-05-13;3499.0
2015-05-15;3481.0
2015-05-21;3413.0
2015-05-23;3302.0
2015-05-25;3589.0
2015-05-26;3550.0
2015-05-31;3412.0
2015-06-01;3726.0
2015-06-04;3551.0
2015-06-10;3242.0
2015-06-11;3557.0
2015-06-15;3406.0
2015-06-16;3155.0
2015-06-18;3410.0
2015-06-21;3677.0
2015-06-22;3710.0
2015-06-29;3794.0
2015-07-05;3417.0
2015-07-09;3414.0
2015-07-12;3528.0
2015-07-17;3636.0
2015-07-20;3943.0
2015-07-24;3607.0
2015-07-27;3683.0
2015-07-29;3590.0
2015-08-01;3476.0
2015-08-05;3499.0
2015-08-08;3669.0
2015-08-11;3501.0
2015-08-13;3276.0
2015-08-20;3533.0
2015-08-26;3397.0
2015-09-06;3475.0
2015-09-11;3247.0
2015-09-19;3452.0
2015-09-26;3605.0
2015-10-02;3749.0
2015-10-05;3708.0
2015-10-06;3555.0
2015-10-07;3464.0
2015-10-10;3541.0
2015-10-11;3555.0
2015-10-12;3813.0
2015-10-20;3629.0
2015-10-22;3513.0
2015-10-23;3533.0
2015-10-24;3233.0
2015-10-26;3629.0
2015-10-27;3283.0
2015-10-28;3510.0
2015-10-30;3461.0
2015-11-05;3577.0
2015-11-10;3536.0
2015-11-12;3429.0
2015-11-20;3557.0
2015-11-23;3679.0
2015-11-24;3642.0
2015-12-03;3716.0
2015-12-10;3687.0
2015-12-14;3815.0
2015-12-18;3765.0
2015-12-20;3637.0
2015-12-31;3375.0
2016-01-02;3806.0
2016-01-03;3625.0
2016-01-06;3622.0
2016-01-13;3682.0
2016-01-18;3917.0
2016-01-22;4038.0
2016-01-27;3610.0
2016-01-29;3769.0
2016-01-31;3433.0
2016-02-01;4118.0
2016-02-02;3717.0
2016-02-12;3702.0
2016-02-26;3692.0
2016-02-29;4002.0
2016-03-01;4065.0
2016-03-02;3879.0
2016-03-08;3850.0
2016-03-11;4102.0
2016-03-20;3635.0
2016-03-22;3546.0
2016-03-23;3607.0
2016-03-25;3508.0
2016-03-31;3531.0
2016-04-02;3478.0
2016-04-20;3529.0
2016-04-23;3594.0
2016-04-24;3659.0
2016-05-01;3525.0
2016-05-05;3680.0
2016-05-14;3317.0
2016-05-16;4076.0
2016-05-17;3600.0
2016-05-19;3635.0
2016-05-21;3633.0
2016-05-22;3370.0
2016-05-24;3476.0
2016-05-26;3365.0
2016-05-31;3516.0
2016-06-01;3630.0
2016-06-03;3766.0
2016-06-08;3705.0
2016-06-29;3544.0
2016-07-02;3637.0
2016-07-03;3992.0
2016-07-04;4018.0
2016-07-05;3817.0
2016-07-16;3993.0
2016-07-19;4030.0
2016-07-24;4030.0
2016-07-26;4064.0
2016-08-01;4100.0
2016-08-03;3805.0
2016-08-08;4590.0
2016-08-11;4027.0
2016-08-13;4108.0
2016-08-14;3882.0
2016-08-19;3768.0
2016-08-21;3902.0
2016-08-22;3989.0
2016-08-26;3790.0
2016-08-27;3680.0
2016-08-28;3565.0
2016-09-08;3694.0
2016-09-09;3659.0
2016-09-13;3322.0
2016-09-15;3293.0
2016-09-17;3587.0
2016-09-19;3657.0
2016-09-22;3558.0
2016-09-24;3423.0
2016-09-26;3568.0
2016-10-01;3728.0
2016-10-03;3828.0
2016-10-04;3674.0
2016-10-12;3695.0
2016-10-23;3204.0
2016-10-24;3750.0
2016-10-31;3744.0
2016-11-01;3408.0
2016-11-15;3758.0
2016-11-20;3602.0
2016-12-03;3652.0
2016-12-15;4099.0
2016-12-20;4297.0
2017-01-31;3990.0
2017-02-04;3541.0
2017-02-05;3487.0
2017-02-08;3686.0
2017-02-17;3951.0
2017-02-19;3595.0
2017-02-23;3783.0
2017-03-01;3642.0
2017-03-04;3405.0
2017-03-07;3698.0
2017-03-10;4019.0
2017-03-17;3660.0
2017-03-30;3702.0
2017-04-11;3586.0
2017-04-13;3442.0
2017-04-20;3598.0
2017-04-25;3197.0
2017-04-28;3641.0
2017-05-04;3601.0
2017-05-09;3731.0
2017-05-10;3558.0
2017-05-17;3761.0
2017-05-18;3741.0
2017-05-21;3754.0
2017-05-23;4043.0
2017-05-24;3863.0
2017-05-25;3937.0
2017-05-27;3746.0
2017-05-31;3657.0
2017-06-10;3780.0
2017-06-12;4176.0
2017-06-17;4132.0
2017-06-22;3981.0
2017-06-24;4050.0
2017-06-27;3527.0
2017-06-29;3313.0
2017-07-07;3515.0
2017-07-10;3745.0
2017-07-12;3669.0
2017-07-17;3775.0
2017-07-22;3571.0
2017-07-27;3728.0
2017-07-29;3721.0
2017-08-01;3598.0
2017-08-08;3526.0
2017-08-10;3759.0
2017-08-12;3887.0
2017-08-21;3988.0
2017-08-23;3509.0
2017-08-25;3571.0
2017-08-31;3311.0
2017-09-02;3503.0
2017-09-12;3472.0
2017-09-13;3499.0
2017-09-16;3317.0
2017-09-23;3632.0
2017-10-01;3757.0
2017-10-16;4330.0
2017-10-18;3705.0
2017-10-21;3587.0
2017-10-26;3772.0
2017-10-27;3770.0
2017-10-31;3806.0
2017-11-01;3581.0
2017-11-12;3679.0
2017-11-27;4198.0
2017-12-01;3523.0
2017-12-06;3902.0
2017-12-11;4287.0
2017-12-17;3844.0
2017-12-19;4121.0
2017-12-25;3965.0
2017-12-27;4418.0
2018-01-08;4283.0
2018-01-11;4053.0
2018-01-15;4322.0
2018-01-16;4193.0
2018-01-17;4339.0
2018-01-20;4097.0
2018-01-26;4003.0
2018-01-27;3848.0
2018-01-29;4215.0
2018-01-30;4042.0
2018-02-02;3207.0
2018-02-03;3808.0
2018-02-04;3947.0
2018-02-06;4141.0
2018-02-07;4106.0
2018-02-08;4232.0
2018-02-13;3972.0
2018-02-15;4348.0
2018-02-18;4029.0
2018-02-22;4110.0
2018-02-23;4365.0
2018-02-27;3982.0
2018-02-28;4115.0
2018-03-02;4133.0
2018-03-04;3858.0
2018-03-08;4018.0
2018-03-11;3524.0
2018-03-13;3992.0
2018-03-14;3765.0
2018-03-15;3786.0
2018-03-29;3512.0
2018-03-31;3645.0
2018-04-09;3961.0
2018-04-12;3744.0
2018-04-13;3924.0
2018-04-14;3820.0
2018-04-18;3890.0
2018-04-19;4133.0
2018-04-29;3180.0
2018-05-03;3739.0
2018-05-06;3860.0
2018-05-07;3958.0
2018-05-10;3923.0
2018-05-22;3621.0
2018-06-08;3609.0
2018-06-19;3981.0
2018-06-22;3918.0
2018-06-30;3483.0
2018-07-03;3418.0
2018-07-07;3668.0
2018-07-13;3831.0
2018-07-19;3554.0
2018-07-21;3503.0
2018-07-26;3537.0
2018-07-28;3736.0
2018-08-02;4315.0
2018-08-22;3925.0
2018-08-26;3764.0
2018-08-27;3979.0
2018-08-28;3488.0
2018-08-30;3549.0
2018-09-08;3663.0
2018-09-12;3660.0
2018-09-17;3822.0
2018-09-19;3732.0
2018-09-20;3832.0
2018-09-21;3901.0
2018-09-24;4117.0
2018-09-26;4124.0
2018-09-27;4076.0
2018-10-05;3658.0
2018-10-09;3748.0
2018-10-10;3815.0
2018-10-16;3889.0
2018-10-17;3656.0
2018-10-20;3744.0
2018-11-02;3908.0
2018-11-11;3547.0
2018-11-12;4111.0
2018-11-21;3545.0
2018-11-22;3513.0
2018-11-23;3944.0
2018-12-12;3761.0
2018-12-18;3748.0
2018-12-24;3686.0
2018-12-28;4112.0
2018-12-31;3793.0
2019-01-02;4272.0
2019-01-03;4175.0
2019-01-07;4288.0
2019-01-15;4374.0
2019-01-22;4082.0
2019-01-23;4134.0
2019-01-24;4405.0
2019-01-28;4471.0
2019-01-29;4026.0
2019-01-31;4161.0
2019-02-08;4369.0
2019-02-10;3996.0
2019-02-12;4208.0
2019-02-16;4145.0
2019-02-24;3725.0
2019-03-01;3929.0
2019-03-10;3645.0
2019-03-15;3945.0
2019-03-17;3351.0
2019-04-03;3665.0
2019-04-05;3598.0
2019-04-13;3590.0
2019-04-24;3362.0
2019-04-28;3568.0
2019-04-30;3654.0
2019-05-11;3760.0
2019-05-14;4097.0
2019-05-15;4056.0
2019-05-16;3884.0
2019-05-23;3679.0
2019-05-25;3624.0
2019-05-28;3747.0
2019-05-31;4035.0
2019-06-03;3894.0
2019-06-05;3623.0
2019-06-11;3608.0
2019-06-12;3595.0
2019-06-17;3685.0
2019-07-04;3733.0
2019-07-06;3759.0
2019-07-09;3978.0
2019-07-17;3635.0
2019-07-23;3898.0
2019-08-09;4018.0
2019-08-17;4003.0
2019-08-20;3817.0
2019-08-21;3971.0
2019-08-22;3925.0
2019-08-25;3686.0
2019-08-28;3919.0
2019-09-02;4019.0
2019-09-07;3661.0
2019-09-08;3716.0
2019-09-10;3551.0
2019-09-22;3561.0
2019-09-23;4125.0
2019-09-24;3882.0
2019-09-28;3679.0
2019-10-06;3665.0
2019-10-12;4030.0
2019-10-15;3967.0
2019-10-16;4102.0
2019-10-20;3462.0
2019-10-21;3699.0
2019-10-22;4163.0
2019-10-27;3925.0
2019-10-28;3820.0
2019-11-03;3870.0
2019-11-07;3877.0
2019-11-08;3749.0
2019-11-15;3913.0
2019-11-16;3960.0
2019-11-17;3803.0
2019-11-20;3919.0
2019-11-22;4039.0
2019-11-23;3747.0
2019-11-27;3868.0
2019-12-07;3912.0
2019-12-13;4261.0
2019-12-17;4068.0
2019-12-22;4235.0
2019-12-27;4007.0
2019-12-28;3900.0
2020-01-11;4190.0
2020-01-12;4111.0
2020-01-14;4213.0
2020-01-18;4054.0
2020-01-22;4121.0
2020-01-24;4371.0
2020-01-26;3913.0
2020-01-31;4068.0
2020-02-01;3824.0
2020-02-09;3656.0
2020-02-19;4011.0
2020-02-20;3970.0
2020-02-25;3557.0
2020-03-04;3830.0
2020-03-05;3893.0
2020-03-07;3712.0
2020-03-13;4089.0
2020-03-16;3772.0
2020-03-17;3665.0
2020-03-20;3618.0
2020-03-22;3412.0
2020-03-27;3527.0
2020-03-31;3127.0
2020-04-08;3264.0
2020-04-14;3043.0
2020-04-19;2899.0
2020-04-26;2748.0
2020-04-29;2683.0
2020-05-10;2779.0
2020-05-11;3050.0
2020-05-12;3056.0
2020-05-18;3388.0
2020-05-22;3348.0
2020-05-23;3376.0
2020-05-25;3641.0
2020-05-30;3603.0
2020-06-06;3001.0
2020-06-09;3202.0
2020-06-15;3413.0
2020-06-16;3059.0
2020-06-20;3303.0
2020-06-25;3369.0
2020-06-27;3282.0
2020-07-01;3260.0
2020-07-02;3249.0
2020-07-08;3602.0
2020-07-11;3679.0
2020-07-18;4127.0
2020-07-19;3851.0
2020-07-20;4223.0
2020-07-27;3818.0
2020-07-29;3763.0
2020-07-30;3644.0
2020-08-02;3321.0
2020-08-07;3634.0
2020-08-08;3660.0
2020-08-09;3405.0
2020-08-22;3556.0
2020-08-24;3769.0
2020-08-29;3254.0
2020-08-31;3546.0
2020-09-01;3345.0
2020-09-09;3734.0
2020-09-12;3777.0
2020-09-13;3672.0
2020-09-16;3537.0
2020-09-23;3407.0
2020-09-26;3259.0
2020-09-27;3273.0
2020-09-29;3636.0
2020-10-01;3309.0
2020-10-03;3302.0
2020-10-04;3262.0
2020-10-08;3725.0
2020-10-14;3392.0
2020-10-19;3701.0
2020-11-01;3228.0
2020-11-09;3984.0
2020-11-11;3751.0
2020-11-20;3880.0
2020-11-22;3099.0
2020-12-02;3945.0
2020-12-06;3261.0
2020-12-08;3201.0
2020-12-15;3749.0
2020-12-16;3687.0
2020-12-28;3926.0
2021-01-01;3738.0
2021-01-10;3957.0
2021-01-27;3904.0
2021-01-28;3802.0
2021-02-05;3244.0
2021-02-08;3230.0
2021-02-11;3154.0
2021-02-16;2905.0
2021-02-17;2986.0
2021-02-18;2985.0
2021-03-03;2895.0
2021-03-04;2770.0
2021-03-09;2995.0
2021-03-16;3111.0
2021-03-18;3127.0
2021-03-24;3072.0
2021-03-25;3034.0
2021-03-26;3084.0
2021-03-27;3166.0
2021-03-29;3408.0
2021-03-30;3231.0
2021-04-01;3221.0
2021-04-18;3009.0
2021-04-19;3458.0
2021-04-20;3424.0
2021-04-25;2915.0
2021-04-28;3306.0
2021-05-06;3838.0
2021-05-07;3968.0
2021-05-18;3698.0
2021-05-22;3419.0
2021-05-25;3829.0
2021-05-28;3922.0
2021-06-11;4181.0
2021-06-12;3786.0
2021-06-21;3927.0
2021-06-23;3657.0
2021-06-24;4196.0
2021-07-10;4340.0
2021-07-14;4131.0
2021-07-16;4515.0
2021-07-20;4038.0
2021-07-23;3983.0
2021-07-26;4440.0
2021-07-29;4054.0
2021-08-05;4057.0
2021-08-09;4237.0
2021-08-10;4206.0
2021-08-17;4231.0
2021-08-22;3904.0
2021-08-23;4341.0
2021-08-24;4096.0
2021-08-30;3978.0
2021-09-04;3975.0
2021-09-08;3926.0
2021-09-09;3831.0
2021-09-16;3965.0
2021-09-19;3629.0
2021-09-26;3718.0
2021-10-04;3936.0
2021-10-06;4143.0
2021-10-09;3873.0
2021-10-14;3940.0
2021-10-17;3646.0
2021-10-27;4055.0
2021-11-12;4059.0
2021-11-26;4178.0
2021-11-28;3842.0
2021-12-06;4264.0
2021-12-08;3590.0
2021-12-15;4017.0
2021-12-17;4218.0
2022-01-02;3886.0
2022-01-05;3988.0
2022-01-06;3995.0
2022-01-10;4432.0
2022-01-13;3979.0
2022-01-14;4064.0
2022-01-15;3914.0
2022-01-17;4435.0
2022-01-22;4034.0
2022-02-04;4108.0
2022-03-05;3584.0
2022-03-06;3603.0
2022-03-09;3903.0
2022-03-18;4445.0
2022-03-20;3809.0
2022-03-31;4129.0
2022-04-05;3816.0
2022-04-11;4138.0
2022-04-21;3840.0
2022-04-22;4021.0
2022-04-23;3986.0
2022-05-02;4470.0
2022-05-03;4322.0
2022-05-05;4427.0
2022-05-07;4367.0
2022-05-20;4218.0
2022-05-23;4552.0
2022-05-25;4567.0
2022-05-28;4727.0
2022-06-01;4424.0
2022-06-05;4301.0
2022-06-07;4307.0
2022-06-13;5048.0
2022-06-14;4792.0
2022-06-20;4155.0
2022-06-21;3952.0
2022-06-23;3819.0
2022-06-26;3790.0
2022-06-29;4098.0
2022-07-07;4512.0
2022-07-08;4637.0
2022-07-10;4562.0
2022-07-13;4820.0
2022-07-19;4276.0
2022-07-24;4112.0
2022-08-04;4080.0
2022-08-08;4291.0
2022-08-09;4180.0
2022-08-11;4089.0
2022-08-12;4235.0
2022-08-18;4101.0
2022-08-19;4369.0
2022-08-24;3953.0
2022-08-27;3875.0
2022-08-29;4087.0
2022-09-03;3947.0
2022-09-08;4069.0
2022-09-11;4258.0
2022-09-17;4333.0
2022-09-25;3792.0
2022-10-12;4259.0
2022-10-31;4256.0
2022-11-02;4177.0
2022-11-05;4034.0
2022-11-10;4429.0
2022-11-21;4481.0
2022-12-03;4118.0
2022-12-04;4067.0
2022-12-06;4362.0
2022-12-15;4418.0
2022-12-24;3886.0
2022-12-25;3871.0
2023-01-01;4552.0
2023-01-05;4309.0
2023-01-07;3932.0
2023-01-10;4259.0
2023-01-12;4256.0
2023-01-19;4119.0
2023-01-21;4111.0
2023-01-23;4294.0
2023-02-05;4144.0
2023-02-06;4668.0
2023-02-14;4287.0
2023-02-18;3999.0
2023-02-20;4349.0
2023-02-21;3965.0
2023-03-03;4329.0
2023-03-05;3787.0
2023-03-07;4270.0
2023-03-09;4269.0
2023-03-10;4490.0
2023-03-13;4349.0
2023-03-24;4000.0
2023-03-25;3900.0
2023-03-28;4205.0
2023-03-29;3828.0
2023-03-30;4114.0
2023-04-06;3952.0
2023-04-11;4095.0
2023-04-14;3702.0
2023-04-18;4122.0
2023-04-19;4102.0
2023-04-21;4082.0
2023-05-01;3922.0
2023-05-10;3944.0
2023-05-11;4144.0
2023-05-12;4083.0
2023-05-25;4336.0
2023-05-30;4180.0
2023-06-14;4195.0
2023-06-20;4024.0
2023-06-21;4119.0
2023-06-26;4651.0
2023-07-03;4365.0
2023-07-06;4129.0
2023-07-09;4106.0
2023-07-10;4406.0
2023-07-20;4199.0
2023-07-27;3985.0
2023-07-30;4122.0
2023-08-05;4817.0
2023-08-20;4409.0
2023-08-25;4607.0
2023-08-31;3968.0
2023-09-09;4082.0
2023-09-10;4011.0
2023-09-13;4162.0
2023-09-15;4120.0
2023-09-22;4104.0
2023-10-03;4130.0
2023-10-04;4165.0
2023-10-07;3832.0
2023-10-15;3549.0
2023-10-22;3525.0
2023-10-29;3747.0
2023-11-02;3848.0
2023-11-05;3529.0
2023-11-06;4159.0
2023-11-07;3987.0
2023-11-11;4051.0
2023-11-15;4015.0
2023-11-16;4057.0
2023-11-24;4041.0
2023-11-28;4339.0
2023-11-29;4224.0
2023-11-30;4176.0
2023-12-03;3574.0
2023-12-05;3946.0
2023-12-07;4372.0
2023-12-08;4479.0
2023-12-09;4451.0
2023-12-11;4582.0
2023-12-27;4747.0
2024-01-04;4691.0
2024-01-07;4174.0
2024-01-09;4192.0
2024-01-14;4029.0
2024-01-16;4430.0
2024-01-22;4214.0
2024-01-24;4137.0
2024-01-29;4019.0
2024-01-30;3822.0
2024-02-07;4031.0
2024-02-09;3944.0
2024-02-19;4223.0
2024-02-21;3827.0
2024-03-07;3932.0
2024-03-14;4259.0
2024-03-26;3774.0
2024-03-28;3791.0
2024-04-03;4059.0
2024-04-11;4212.0
2024-04-20;3873.0
2024-04-23;4045.0
2024-04-25;3637.0
2024-05-18;3753.0
2024-05-20;4281.0
2024-05-21;4014.0
2024-05-22;4088.0
2024-05-28;4328.0
2024-05-31;4443.0
2024-06-01;4004.0
2024-06-02;4025.0
2024-06-05;4389.0
2024-06-17;4112.0
2024-06-19;3826.0
2024-06-23;4181.0
2024-06-30;3833.0
2024-07-04;4502.0
2024-07-11;4255.0
2024-07-14;3882.0
2024-07-20;4004.0
2024-07-21;4021.0
2018-03-03;3813.0
2018-03-06;3982.0
2018-03-07;3827.0
2018-03-09;4192.0
2018-03-10;3626.0
2018-03-12;4141.0
2018-04-02;3709.0
2018-04-04;3430.0
2018-04-05;3822.0
2018-04-06;3697.0
2018-04-08;3512.0
2018-04-11;3761.0
2018-04-17;3949.0
2018-04-20;3981.0
2018-04-24;3925.0
2018-04-26;4004.0
2018-05-01;3257.0
2018-05-20;3537.0
2018-05-23;3806.0
2018-06-03;3463.0
2018-06-05;3415.0
2018-06-14;3634.0
2018-06-17;3872.0
2018-06-24;3929.0
2018-07-05;3534.0
2018-07-08;3628.0
2018-07-12;3764.0
2018-07-16;3728.0
2018-07-17;3702.0
2018-07-18;3637.0
2018-07-22;3742.0
2018-07-27;3561.0
2018-08-01;3864.0
2018-08-03;4519.0
2018-08-05;4984.0
2018-08-06;4909.0
2018-08-07;4235.0
2018-08-10;3967.0
2018-08-15;3643.0
2018-08-17;3770.0
2018-08-25;3689.0
2018-08-29;3459.0
2018-09-01;3941.0
2018-09-02;3833.0
2018-09-09;3545.0
2018-09-11;3910.0
2018-09-13;3759.0
2018-09-14;3897.0
2018-09-29;3905.0
2018-09-30;3749.0
2018-10-01;3996.0
2018-10-08;3921.0
2018-10-13;3665.0
2018-10-14;3340.0
2018-10-18;3779.0
2018-10-22;4017.0
2018-10-31;3608.0
2018-11-06;3726.0
2018-11-07;3851.0
2018-11-08;3774.0
2018-11-14;4025.0
2018-11-15;3811.0
2018-11-24;3392.0
2018-11-27;3699.0
2018-11-30;3990.0
2018-12-19;3949.0
2018-12-22;4112.0
2018-12-23;3994.0
2018-12-27;4110.0
2019-01-01;5193.0
2019-01-20;4225.0
2019-01-26;4259.0
2019-02-02;3897.0
2019-02-07;4217.0
2019-02-19;4089.0
2019-02-22;4140.0
2019-02-28;3953.0
2019-03-02;3739.0
2019-03-03;3665.0
2019-03-04;3718.0
2019-03-05;3466.0
2019-03-09;4009.0
2019-03-11;3971.0
2019-03-18;4086.0
2019-03-22;3767.0
2019-03-24;3711.0
2019-04-01;3940.0
2019-04-04;3712.0
2019-04-12;3737.0
2019-04-18;3524.0
2019-04-21;3466.0
2019-05-03;4060.0
2019-05-08;3671.0
2019-05-09;3702.0
2019-05-10;3784.0
2019-05-13;4294.0
2019-05-27;4087.0
2019-06-14;3477.0
2019-06-24;3623.0
2019-06-25;3639.0
2019-07-03;3657.0
2019-07-08;3971.0
2019-07-12;3943.0
2019-07-13;3818.0
2019-07-25;3994.0
2019-07-27;3779.0
2019-08-02;3872.0
2019-08-11;3617.0
2019-08-19;3599.0
2019-08-27;3674.0
2019-09-06;3880.0
2019-09-09;3879.0
2019-09-16;3995.0
2019-09-17;3850.0
2019-09-20;3983.0
2019-09-21;3667.0
2019-09-26;4011.0
2019-09-29;3599.0
2019-10-03;3763.0
2019-10-09;4227.0
2019-10-11;4174.0
2019-10-13;3870.0
2019-10-31;3937.0
2019-11-11;4190.0
2019-11-18;4303.0
2019-12-01;3650.0
2019-12-05;4045.0
2019-12-06;4087.0
2019-12-20;4158.0
2019-12-25;3721.0
2019-12-31;3598.0
2020-01-10;4427.0
2020-01-13;4333.0
2020-01-15;4296.0
2020-01-23;4023.0
2020-01-25;3994.0
2020-01-27;4454.0
2020-01-28;3944.0
2020-02-07;4128.0
2020-02-10;4235.0
2020-02-11;3986.0
2020-02-14;4073.0
2020-02-23;3936.0
2020-02-24;3911.0
2020-02-26;3841.0
2020-03-12;4473.0
2020-03-14;3694.0
2020-03-15;3902.0
2020-03-19;3650.0
2020-03-21;3494.0
2020-03-26;3527.0
2020-04-01;3192.0
2020-04-05;2874.0
2020-04-07;3273.0
2020-04-13;2987.0
2020-04-16;2914.0
2020-04-18;3120.0
2020-04-20;3080.0
2020-04-24;3023.0
2020-04-25;2944.0
2020-05-06;3207.0
2020-05-16;3112.0
2020-05-21;3173.0
2020-05-24;3295.0
2020-05-28;3644.0
2020-06-11;2928.0
2020-06-13;3004.0
2020-06-14;3056.0
2020-06-19;3317.0
2020-06-21;3222.0
2020-07-15;3752.0
2020-07-23;3741.0
2020-07-24;3698.0
2020-07-28;3535.0
2020-08-06;3720.0
2020-08-13;3455.0
2020-08-15;3420.0
2020-08-16;3331.0
2020-08-18;3578.0
2020-08-19;3555.0
2020-09-20;3214.0
2020-09-28;3607.0
2020-10-05;3370.0
2020-10-15;3424.0
2020-10-17;3410.0
2020-10-20;3595.0
2020-10-22;3668.0
2020-10-29;3712.0
2020-10-30;3943.0
2020-11-02;3981.0
2020-11-06;3532.0
2020-11-07;3236.0
2020-11-13;3775.0
2020-11-15;3347.0
2020-11-23;3841.0
2020-11-30;3515.0
2020-12-10;3998.0
2020-12-11;4031.0
2020-12-26;3696.0
2021-01-04;4650.0
2021-01-05;4670.0
2021-01-14;4395.0
2021-01-15;4472.0
2021-01-17;3678.0
2021-01-26;3808.0
2021-01-31;3218.0
2021-02-09;3019.0
2021-02-10;3087.0
2021-02-21;2650.0
2021-02-22;3137.0
2021-02-23;2916.0
2021-02-24;2984.0
2021-02-26;3150.0
2021-02-27;3006.0
2021-03-02;2831.0
2021-03-12;3016.0
2021-03-14;2902.0
2021-03-19;3235.0
2021-03-20;2882.0
2021-03-28;2923.0
2021-04-07;3308.0
2021-04-14;3320.0
2021-04-23;3383.0
2021-04-26;3742.0
2021-05-02;3239.0
2021-05-03;3870.0
2021-05-10;3636.0
2021-05-11;3573.0
2021-05-12;3683.0
2021-05-14;3713.0
2021-05-20;3810.0
2021-05-21;3904.0
2021-05-26;3937.0
2021-05-31;4173.0
2021-06-03;3198.0
2021-06-08;3942.0
2021-06-14;4382.0
2021-06-25;4315.0
2021-06-28;4070.0
2021-07-09;4069.0
2021-07-13;3878.0
2021-07-17;4334.0
2021-07-24;3872.0
2021-07-28;4084.0
2021-08-01;3672.0
2021-08-04;3900.0
2021-08-06;4209.0
2021-08-12;4171.0
2021-08-14;4317.0
2021-08-15;4185.0
2021-08-18;4178.0
2021-08-20;4036.0
2021-08-25;4173.0
2021-08-27;3950.0
2021-09-01;3816.0
2021-09-06;4302.0
2021-09-12;4027.0
2021-09-17;3818.0
2021-09-24;4099.0
2021-09-28;3859.0
2021-10-16;3677.0
2021-10-21;4046.0
2021-10-24;3714.0
2021-10-25;4242.0
2021-11-08;4484.0
2021-11-10;4259.0
2021-11-14;3921.0
2021-11-16;3992.0
2021-11-24;4012.0
2021-11-25;3956.0
2021-11-27;3912.0
2021-11-30;4197.0
2021-12-13;4347.0
2021-12-21;3957.0
2021-12-26;3793.0
2021-12-28;4148.0
2021-12-31;3747.0
2022-01-24;4640.0
2022-01-29;4099.0
2022-01-30;4089.0
2022-01-31;4432.0
2022-02-03;4234.0
2022-02-06;3829.0
2022-02-10;4118.0
2022-02-11;4253.0
2022-02-15;4063.0
2022-02-19;3650.0
2022-03-10;4041.0
2022-03-14;4149.0
2022-03-26;4184.0
2022-04-02;4062.0
2022-04-04;4102.0
2022-04-06;4118.0
2022-04-07;4116.0
2022-04-15;4107.0
2022-04-17;3917.0
2022-04-18;4045.0
2022-04-24;4042.0
2022-04-25;3785.0
2022-04-29;4270.0
2022-05-01;4088.0
2022-05-06;4466.0
2022-05-11;4597.0
2022-05-14;4645.0
2022-05-15;4306.0
2022-05-24;4367.0
2022-05-26;4494.0
2022-05-27;5218.0
2022-05-29;4465.0
2022-06-04;4404.0
2022-06-06;4588.0
2022-06-08;4622.0
2022-06-15;4591.0
2022-06-18;3929.0
2022-06-19;3943.0
2022-06-24;4202.0
2022-07-04;4443.0
2022-07-05;4182.0
2022-07-11;4797.0
2022-07-16;4782.0
2022-07-17;4562.0
2022-07-18;4755.0
2022-07-22;4434.0
2022-07-29;4269.0
2022-07-30;4573.0
2022-08-03;4239.0
2022-08-15;4143.0
2022-08-17;3883.0
2022-08-21;4159.0
2022-08-25;3961.0
2022-08-26;4160.0
2022-09-05;4041.0
2022-09-06;3972.0
2022-09-12;4251.0
2022-09-19;4459.0
2022-09-27;3884.0
2022-09-28;3878.0
2022-09-30;3933.0
2022-10-01;3936.0
2022-10-04;3902.0
2022-10-05;3808.0
2022-10-08;4021.0
2022-10-10;4311.0
2022-10-15;3911.0
2022-10-17;4419.0
2022-10-18;4057.0
2022-10-20;4117.0
2022-10-21;4197.0
2022-10-25;4262.0
2022-11-04;4090.0
2022-11-11;4239.0
2022-11-15;4071.0
2022-11-23;4266.0
2022-11-25;4481.0
2022-12-23;4077.0
2023-01-03;4601.0
2023-01-04;4292.0
2023-01-09;4738.0
2023-01-15;3663.0
2023-01-20;4303.0
2023-01-22;3735.0
2023-01-26;4149.0
2023-01-27;4513.0
2023-01-30;4454.0
2023-02-03;4476.0
2023-02-04;4325.0
2023-02-15;4313.0
2023-02-16;4353.0
2023-03-23;3814.0
2023-03-26;3628.0
2023-04-03;4056.0
2023-04-07;3842.0
2023-04-09;3639.0
2023-04-23;3890.0
2023-04-26;4083.0
2023-04-28;4150.0
2023-04-30;3867.0
2023-05-04;3926.0
2023-05-08;4280.0
2023-05-09;4215.0
2023-05-18;4192.0
2023-05-29;4269.0
2023-06-06;4153.0
2023-06-13;3848.0
2023-06-18;3929.0
2023-06-24;4695.0
2023-07-01;4355.0
2023-07-02;4341.0
2023-07-07;4209.0
2023-07-15;3930.0
2023-07-16;3899.0
2023-07-26;4092.0
2023-08-08;4627.0
2023-08-10;4556.0
2023-08-11;4600.0
2023-08-12;4549.0
2023-08-13;4281.0
2023-08-14;4560.0
2023-08-28;4385.0
2023-08-29;4097.0
2023-09-02;3935.0
2023-09-08;4067.0
2023-09-20;3960.0
2023-09-21;3883.0
2023-09-24;3947.0
2023-09-29;4450.0
2023-09-30;4442.0
2023-10-01;4250.0
2023-10-14;3876.0
2023-10-20;3872.0
2023-11-03;3939.0
2023-11-04;3555.0
2023-10-24;3912.0
2023-11-08;4068.0
2023-11-10;4235.0
2023-11-13;4422.0
2023-11-25;3875.0
2023-12-01;3766.0
2023-12-02;4010.0
2023-12-12;4240.0
2023-12-17;4385.0
2023-12-20;4533.0
2023-12-23;4653.0
2024-01-06;4025.0
2024-01-08;4425.0
2024-01-13;3847.0
2024-01-15;4827.0
2024-01-18;4260.0
2024-01-21;3767.0
2024-01-23;4125.0
2024-01-28;3568.0
2024-02-02;3902.0
2024-02-03;3806.0
2024-02-05;3994.0
2024-02-10;3695.0
2024-02-13;3916.0
2024-02-15;4071.0
2024-02-23;3800.0
2024-02-24;3652.0
2024-03-01;4071.0
2024-03-04;4239.0
2024-03-13;4467.0
2024-03-15;4431.0
2024-03-17;4200.0
2024-03-27;3747.0
2024-03-29;3753.0
2024-03-31;3628.0
2024-04-05;4096.0
2024-04-10;4148.0
2024-04-15;4430.0
2024-04-18;4145.0
2024-04-28;3651.0
2024-05-08;4335.0
2024-05-12;4067.0
2024-06-03;4286.0
2024-06-08;3861.0
2024-06-15;3740.0
2024-06-22;3937.0
2024-07-03;4227.0
2024-07-08;4329.0
2024-07-10;4333.0
2024-07-12;4207.0
2024-07-15;4114.0
2024-07-17;4057.0
2024-07-22;4332.0
2018-03-18;3647.0
2018-03-21;3803.0
2018-03-25;3537.0
2018-03-26;3942.0
2018-04-07;3529.0
2018-04-23;4203.0
2018-04-25;3553.0
2018-05-09;3544.0
2018-05-13;3423.0
2018-05-15;3661.0
2018-05-24;3545.0
2018-05-25;3814.0
2018-05-26;3513.0
2018-06-10;3245.0
2018-06-11;3742.0
2018-06-12;3513.0
2018-06-13;3706.0
2018-06-16;3554.0
2018-06-18;4005.0
2018-06-20;3803.0
2018-06-26;3742.0
2018-07-02;3640.0
2018-07-15;3555.0
2018-07-31;3741.0
2018-08-08;4109.0
2018-08-09;3914.0
2018-08-11;4063.0
2018-08-13;3880.0
2018-08-14;3742.0
2018-08-21;4145.0
2018-08-24;3804.0
2018-09-03;3890.0
2018-09-04;3418.0
2018-09-07;3689.0
2018-09-18;3588.0
2018-09-23;3609.0
2018-09-25;4152.0
2018-09-28;4147.0
2018-10-04;3612.0
2018-10-11;3733.0
2018-10-15;4192.0
2018-10-19;3978.0
2018-10-23;3770.0
2018-10-25;3686.0
2018-10-29;3819.0
2018-11-03;3497.0
2018-11-18;3389.0
2018-12-29;3872.0
2018-12-30;3681.0
2019-01-05;3990.0
2019-01-08;3932.0
2019-01-14;4663.0
2019-01-21;4572.0
2019-01-25;4464.0
2019-01-30;4020.0
2019-02-01;3909.0
2019-02-05;4327.0
2019-02-09;4205.0
2019-02-11;4555.0
2019-02-13;4100.0
2019-02-15;3933.0
2019-02-18;4075.0
2019-03-20;3765.0
2019-04-02;3702.0
2019-04-06;3356.0
2019-04-08;3984.0
2019-04-09;3454.0
2019-04-11;3689.0
2019-04-15;3770.0
2019-04-17;3412.0
2019-04-19;3443.0
2019-04-20;3760.0
2019-04-22;3555.0
2019-04-25;3025.0
2019-05-01;3438.0
2019-05-02;4177.0
2019-05-04;3612.0
2019-05-06;3801.0
2019-05-17;3753.0
2019-05-20;3853.0
2019-05-22;3727.0
2019-05-24;3891.0
2019-06-02;3465.0
2019-06-10;3416.0
2019-06-19;3577.0
2019-07-01;3825.0
2019-07-16;3784.0
2019-07-21;3880.0
2019-07-24;3895.0
2019-07-29;3807.0
2019-08-01;3592.0
2019-08-05;4118.0
2019-08-15;3665.0
2019-08-16;4046.0
2019-08-29;3682.0
2019-08-30;3873.0
2019-08-31;3738.0
2019-09-12;4019.0
2019-09-18;3928.0
2019-09-19;3920.0
2019-09-25;3950.0
2019-09-30;4074.0
2019-10-08;4062.0
2019-10-14;3816.0
2019-10-18;3934.0
2019-10-29;4373.0
2019-10-30;4174.0
2019-11-05;4075.0
2019-11-06;3788.0
2019-11-10;3615.0
2019-11-12;3881.0
2019-11-13;3926.0
2019-11-19;3886.0
2019-11-28;4115.0
2019-11-30;3981.0
2019-12-02;3893.0
2019-12-03;3959.0
2019-12-04;3924.0
2019-12-08;3936.0
2019-12-10;4055.0
2019-12-12;4017.0
2019-12-14;4113.0
2019-12-21;4269.0
2019-12-23;4151.0
2019-12-26;4048.0
2019-12-29;3850.0
2019-12-30;3969.0
2020-01-04;3829.0
2020-01-05;3685.0
2020-01-07;4316.0
2020-01-08;4399.0
2020-01-09;4223.0
2020-01-16;4193.0
2020-01-30;4285.0
2020-02-02;4158.0
2020-02-04;4078.0
2020-02-16;3658.0
2020-02-22;3965.0
2020-03-08;3456.0
2020-03-23;3852.0
2020-03-25;3492.0
2020-03-29;2995.0
2020-04-04;3024.0
2020-04-06;3312.0
2020-04-09;3075.0
2020-04-10;3040.0
2020-04-11;3132.0
2020-04-15;2919.0
2020-04-17;3285.0
2020-05-05;2989.0
2020-05-09;2864.0
2020-05-15;3188.0
2020-05-17;3103.0
2020-05-26;3471.0
2020-05-29;3754.0
2020-06-02;3367.0
2020-06-04;3215.0
2020-06-05;3309.0
2020-06-12;3220.0
2020-06-24;3380.0
2020-06-28;3254.0
2020-07-07;3691.0
2020-07-09;3497.0
2020-07-12;3439.0
2020-07-14;3672.0
2020-07-22;3871.0
2020-07-25;3534.0
2020-08-03;3686.0
2020-08-14;3452.0
2020-08-21;3528.0
2020-08-23;3381.0
2020-08-27;3737.0
2020-08-28;3518.0
2020-08-30;3245.0
2020-09-08;3670.0
2020-09-14;3949.0
2020-09-15;3535.0
2020-09-21;3481.0
2020-09-22;3533.0
2020-09-24;3333.0
2020-09-30;3342.0
2020-10-06;3872.0
2020-10-07;3644.0
2020-10-12;3733.0
2020-10-18;3464.0
2020-10-23;3533.0
2020-10-24;3156.0
2020-11-10;3724.0
2020-11-14;3251.0
2020-11-29;3178.0
2020-12-01;3313.0
2020-12-05;3516.0
2020-12-13;3453.0
2020-12-14;3952.0
2020-12-18;3713.0
2020-12-22;3810.0
2020-12-23;3481.0
2020-12-27;3289.0
2020-12-30;3708.0
2021-01-02;4101.0
2021-01-03;3910.0
2021-01-06;4386.0
2021-01-09;4067.0
2021-01-13;4597.0
2021-01-18;4338.0
2021-01-20;3949.0
2021-01-21;4190.0
2021-01-24;3828.0
2021-01-30;3487.0
2021-02-02;3371.0
2021-02-12;3163.0
2021-02-13;2868.0
2021-02-19;3064.0
2021-02-20;2672.0
2021-02-25;2872.0
2021-03-15;3299.0
2021-03-17;3151.0
2021-03-22;3500.0
2021-04-11;3022.0
2021-05-05;3622.0
2021-05-08;3624.0
2021-05-24;3876.0
2021-05-27;3958.0
2021-06-09;4026.0
2021-06-13;3792.0
2021-06-15;4105.0
2021-06-18;3863.0
2021-06-26;3850.0
2021-06-30;3906.0
2021-07-03;3651.0
2021-07-21;4076.0
2021-07-22;3952.0
2021-07-27;4036.0
2021-08-02;4318.0
2021-08-21;4006.0
2021-08-26;4107.0
2021-09-02;3871.0
2021-09-11;3953.0
2021-09-13;3985.0
2021-09-18;3696.0
2021-09-25;3670.0
2021-09-27;4180.0
2021-09-30;3905.0
2021-10-01;3959.0
2021-10-03;3450.0
2021-10-10;3963.0
2021-10-11;4435.0
2021-10-15;4105.0
2021-10-19;4201.0
2021-10-20;3896.0
2021-10-22;3925.0
2021-10-23;3924.0
2021-10-28;3944.0
2021-10-29;3941.0
2021-10-30;3881.0
2021-11-07;3958.0
2021-11-13;4018.0
2021-11-15;4318.0
2021-11-18;4087.0
2021-11-23;4096.0
2021-12-03;4056.0
2021-12-04;4087.0
2021-12-05;3742.0
2021-12-11;3947.0
2021-12-12;3651.0
2021-12-14;4029.0
2021-12-18;4066.0
2021-12-19;3934.0
2021-12-20;4107.0
2021-12-23;3961.0
2021-12-27;4396.0
2022-01-03;4265.0
2022-01-08;3887.0
2022-01-09;3790.0
2022-01-11;4196.0
2022-01-12;4123.0
2022-01-20;4404.0
2022-01-23;4045.0
2022-01-27;4423.0
2022-01-28;4242.0
2022-02-02;4324.0
2022-02-05;4168.0
2022-02-09;4547.0
2022-02-21;4310.0
2022-02-25;4078.0
2022-02-26;3662.0
2022-03-01;3612.0
2022-03-02;3917.0
2022-03-03;3785.0
2022-03-08;3874.0
2022-03-23;3960.0
2022-03-24;4208.0
2022-03-25;4346.0
2022-04-08;4096.0
2022-04-09;4168.0
2022-04-14;4233.0
2022-04-26;4193.0
2022-04-30;4200.0
2022-05-04;4454.0
2022-05-09;4798.0
2022-05-12;4675.0
2022-05-22;4215.0
2022-06-03;4546.0
2022-06-11;4707.0
2022-06-12;4490.0
2022-06-22;3913.0
2022-06-25;3962.0
2022-07-03;4269.0
2022-07-12;4781.0
2022-07-21;4273.0
2022-07-25;4524.0
2022-07-26;4265.0
2022-07-31;4552.0
2022-08-06;4041.0
2022-08-07;4130.0
2022-08-10;4120.0
2022-08-14;4008.0
2022-08-20;4250.0
2022-08-23;4296.0
2022-08-28;3969.0
2022-08-30;3690.0
2022-09-01;3784.0
2022-09-02;3907.0
2022-09-10;4105.0
2022-09-15;4065.0
2022-09-16;4279.0
2022-09-20;4427.0
2022-09-21;4232.0
2022-09-23;4286.0
2022-10-02;3967.0
2022-10-13;4164.0
2022-10-16;3697.0
2022-10-19;3858.0
2022-10-24;4430.0
2022-10-27;4287.0
2022-11-08;4050.0
2022-11-17;4329.0
2022-11-19;4045.0
2022-11-24;4054.0
2022-11-26;4191.0
2022-12-02;4161.0
2022-12-09;4547.0
2022-12-12;4458.0
2022-12-29;4018.0
2022-12-30;4012.0
2023-01-06;4252.0
2023-01-08;3867.0
2023-01-13;4160.0
2023-01-14;3741.0
2023-01-17;4037.0
2023-01-18;4032.0
2023-01-28;4094.0
2023-02-01;4378.0
2023-02-02;4376.0
2023-02-07;4176.0
2023-02-11;4086.0
2023-02-17;4355.0
2023-02-19;3978.0
2023-02-27;4330.0
2023-03-02;4353.0
2023-03-15;4195.0
2023-03-21;3963.0
2023-03-27;4379.0
2023-04-20;4046.0
2023-04-22;3886.0
2023-04-27;4263.0
2023-05-03;4200.0
2023-05-13;3825.0
2023-05-14;3941.0
2023-05-15;4335.0
2023-05-19;4270.0
2023-05-24;4219.0
2023-05-26;4108.0
2023-05-31;4181.0
2023-06-07;4034.0
2023-06-16;4283.0
2023-06-17;4038.0
2023-06-22;3985.0
2023-07-11;4189.0
2023-07-19;4083.0
2023-07-23;4107.0
2023-07-24;4317.0
2023-08-01;4288.0
2023-08-15;4136.0
2023-08-17;4237.0
2023-08-24;4586.0
2023-09-01;4024.0
2023-09-04;4114.0
2023-09-05;4000.0
2023-09-19;4012.0
2023-09-23;3970.0
2023-09-27;4276.0
2023-10-02;4445.0
2023-10-10;4227.0
2023-10-19;3688.0
2023-10-23;4068.0
2023-11-01;3820.0
2023-11-12;3937.0
2023-11-17;4398.0
2023-11-18;3815.0
2023-11-19;3803.0
2023-11-23;3984.0
2023-12-10;4054.0
2023-12-24;4336.0
2023-12-25;4180.0
2023-12-28;4664.0
2024-01-01;5243.0
2024-01-03;5164.0
2024-01-10;4284.0
2024-01-11;4427.0
2024-01-12;4172.0
2024-01-19;4025.0
2024-02-06;3853.0
2024-02-08;3904.0
2024-02-20;3929.0
2024-02-26;4097.0
2024-02-27;3968.0
2024-02-29;3873.0
2024-03-06;4253.0
2024-03-10;3868.0
2024-03-20;4036.0
2024-03-21;4058.0
2024-03-23;4002.0
2024-03-25;4142.0
2024-04-02;3804.0
2024-04-04;4035.0
2024-04-07;3837.0
2024-04-08;4321.0
2024-04-12;4387.0
2024-04-17;4279.0
2024-04-19;4095.0
2024-04-22;4473.0
2024-04-29;4190.0
2024-05-01;3381.0
2024-05-02;4070.0
2024-05-06;4314.0
2024-05-07;4232.0
2024-05-11;4074.0
2024-05-14;3945.0
2024-05-16;3795.0
2024-05-23;4190.0
2024-05-24;4237.0
2024-05-26;3990.0
2024-05-27;4247.0
2024-06-06;4092.0
2024-06-20;3894.0
2024-06-25;4029.0
2024-06-27;3876.0
2024-07-01;4321.0
2024-07-06;4169.0
2024-07-07;3990.0
2024-07-16;3851.0
2024-07-18;4143.0
2018-03-17;3626.0
2018-03-20;3569.0
2018-03-22;3788.0
2018-03-23;3768.0
2018-03-24;3480.0
2018-03-27;3920.0
2018-03-28;3622.0
2018-04-01;3810.0
2018-04-10;3595.0
2018-04-15;3614.0
2018-04-21;3545.0
2018-05-04;3750.0
2018-05-05;3603.0
2018-05-08;3704.0
2018-05-12;3351.0
2018-05-14;3861.0
2018-05-18;3802.0
2018-05-19;3590.0
2018-05-27;3371.0
2018-05-28;3751.0
2018-05-29;3453.0
2018-05-31;3352.0
2018-06-04;3617.0
2018-06-06;3543.0
2018-06-07;3393.0
2018-06-21;3613.0
2018-06-25;3927.0
2018-07-04;3339.0
2018-07-09;3799.0
2018-07-10;3708.0
2018-07-20;3471.0
2018-07-23;3679.0
2018-07-25;3658.0
2018-07-30;3843.0
2018-08-04;4889.0
2018-08-16;3811.0
2018-08-18;3789.0
2018-08-23;3838.0
2018-09-16;3530.0
2018-09-22;3824.0
2018-10-02;3849.0
2018-10-12;3899.0
2018-10-21;3563.0
2018-10-24;3835.0
2018-10-27;3328.0
2018-10-28;3476.0
2018-10-30;3610.0
2018-11-04;3314.0
2018-11-09;3986.0
2018-11-10;3760.0
2018-11-17;3551.0
2018-11-19;4187.0
2018-11-20;3664.0
2018-11-26;3970.0
2018-11-28;3700.0
2018-11-29;3717.0
2018-12-01;3760.0
2018-12-04;3779.0
2018-12-06;4063.0
2018-12-07;3706.0
2018-12-11;3753.0
2018-12-13;3771.0
2018-12-14;3899.0
2018-12-15;3731.0
2018-12-16;3788.0
2018-12-26;4087.0
2019-01-04;4018.0
2019-01-06;4056.0
2019-01-09;4337.0
2019-01-12;4044.0
2019-01-19;4064.0
2019-02-04;4574.0
2019-02-17;3910.0
2019-02-21;3912.0
2019-02-26;3931.0
2019-02-27;3875.0
2019-03-07;3602.0
2019-03-08;3969.0
2019-03-14;3831.0
2019-03-19;3770.0
2019-03-28;3762.0
2019-04-10;3659.0
2019-04-14;3756.0
2019-04-26;3722.0
2019-04-27;3769.0
2019-05-05;3873.0
2019-05-07;3646.0
2019-05-18;3481.0
2019-05-19;3504.0
2019-05-21;3571.0
2019-05-26;3836.0
2019-06-01;3763.0
2019-06-07;3835.0
2019-06-08;3512.0
2019-06-09;3470.0
2019-06-16;3509.0
2019-06-21;3623.0
2019-06-22;3585.0
2019-06-27;3728.0
2019-06-28;3454.0
2019-06-30;3684.0
2019-07-05;3610.0
2019-07-07;3561.0
2019-07-10;3877.0
2019-07-19;3797.0
2019-07-22;4143.0
2019-07-26;3751.0
2019-07-28;3808.0
2019-07-30;3571.0
2019-08-04;3773.0
2019-08-07;3923.0
2019-08-12;3880.0
2019-08-18;3849.0
2019-08-26;4029.0
2019-09-01;3678.0
2019-09-04;3916.0
2019-09-13;3934.0
2019-09-15;3871.0
2019-10-02;3961.0
2019-10-05;4178.0
2019-10-10;3903.0
2019-10-24;3860.0
2019-10-26;4203.0
2019-11-01;4161.0
2019-11-02;3910.0
2019-11-04;3641.0
2019-11-21;4084.0
2019-11-24;3919.0
2019-11-25;4352.0
2019-12-11;3995.0
2019-12-16;4280.0
2019-12-19;4024.0
2019-12-24;3690.0
2020-01-01;4657.0
2020-01-03;4177.0
2020-01-06;4266.0
2020-01-19;3931.0
2020-01-29;4172.0
2020-02-03;4465.0
2020-02-06;4012.0
2020-02-08;3749.0
2020-02-12;3911.0
2020-02-15;3790.0
2020-02-18;3889.0
2020-02-21;4240.0
2020-02-27;3947.0
2020-02-28;4072.0
2020-03-02;4089.0
2020-03-06;3900.0
2020-03-11;4011.0
2020-03-24;3546.0
2020-04-03;3439.0
2020-04-21;3006.0
2020-04-23;3042.0
2020-04-28;2946.0
2020-05-02;3142.0
2020-05-04;3291.0
2020-05-13;2878.0
2020-05-14;2815.0
2020-05-19;3298.0
2020-05-20;3163.0
2020-05-27;3596.0
2020-06-10;3013.0
2020-06-17;3173.0
2020-06-18;3071.0
2020-07-04;3252.0
2020-07-06;3921.0
2020-07-10;3719.0
2020-07-13;4125.0
2020-07-16;4068.0
2020-08-01;3549.0
2020-08-04;3614.0
2020-08-10;3640.0
2020-08-17;3653.0
2020-09-05;3415.0
2020-09-18;3539.0
2020-09-25;3535.0
2020-10-02;3443.0
2020-10-10;3551.0
2020-10-11;3312.0
2020-10-21;3676.0
2020-10-28;3832.0
2020-10-31;3556.0
2020-11-03;3516.0
2020-11-04;3423.0
2020-11-08;3196.0
2020-11-18;3760.0
2020-11-19;3909.0
2020-11-21;3313.0
2020-11-24;3427.0
2020-11-25;3308.0
2020-11-26;3565.0
2020-11-27;3899.0
2020-12-03;3856.0
2020-12-07;3701.0
2020-12-09;4067.0
2020-12-17;3849.0
2020-12-19;3491.0
2020-12-20;3322.0
2020-12-24;3511.0
2020-12-29;3687.0
2020-12-31;3931.0
2021-01-07;4542.0
2021-01-08;4466.0
2021-01-11;4861.0
2021-01-19;3930.0
2021-01-22;3976.0
2021-01-23;3685.0
2021-02-01;3523.0
2021-02-03;3348.0
2021-02-04;3260.0
2021-02-14;2737.0
2021-02-15;3164.0
2021-02-28;2757.0
2021-03-01;3050.0
2021-03-07;2726.0
2021-03-11;2876.0
2021-03-23;3159.0
2021-04-02;2952.0
2021-04-03;3278.0
2021-04-05;3458.0
2021-04-08;3169.0
2021-04-10;2991.0
2021-04-12;3452.0
2021-04-13;3204.0
2021-04-15;3426.0
2021-04-17;3131.0
2021-04-22;3673.0
2021-04-27;3621.0
2021-05-30;3681.0
2021-06-01;3772.0
2021-06-02;3764.0
2021-06-06;3424.0
2021-06-16;4272.0
2021-06-17;4026.0
2021-06-19;3501.0
2021-06-22;3662.0
2021-06-27;3506.0
2021-07-01;3932.0
2021-07-02;4078.0
2021-07-05;4045.0
2021-07-11;3885.0
2021-07-18;3803.0
2021-07-19;4416.0
2021-07-25;3661.0
2021-07-30;4034.0
2021-07-31;3792.0
2021-08-07;3996.0
2021-08-08;3902.0
2021-08-28;3781.0
2021-09-15;3767.0
2021-09-20;4053.0
2021-09-21;3687.0
2021-09-23;3758.0
2021-10-02;3778.0
2021-10-07;3954.0
2021-10-12;4030.0
2021-10-18;4262.0
2021-11-02;4122.0
2021-11-03;3963.0
2021-11-04;4120.0
2021-11-06;3779.0
2021-11-09;4250.0
2021-11-19;4043.0
2021-11-20;3875.0
2021-11-21;3860.0
2021-11-22;4063.0
2021-11-29;4501.0
2021-12-01;3531.0
2021-12-07;4234.0
2021-12-09;4227.0
2021-12-10;4229.0
2022-01-01;4251.0
2022-01-07;3990.0
2022-01-18;4245.0
2022-01-21;4297.0
2022-01-26;4241.0
2022-02-01;4291.0
2022-02-12;3798.0
2022-02-13;3642.0
2022-02-18;4051.0
2022-02-20;3858.0
2022-02-27;3743.0
2022-02-28;4148.0
2022-03-13;3838.0
2022-03-16;4086.0
2022-03-17;4126.0
2022-03-22;4164.0
2022-03-27;3919.0
2022-03-28;4205.0
2022-03-30;4307.0
2022-04-01;4282.0
2022-04-10;4124.0
2022-04-13;3946.0
2022-04-19;3945.0
2022-04-20;3935.0
2022-05-08;4354.0
2022-05-10;4564.0
2022-05-13;4721.0
2022-05-16;4917.0
2022-05-17;4734.0
2022-05-18;4479.0
2022-05-21;4325.0
2022-05-30;5011.0
2022-06-02;4493.0
2022-06-09;4709.0
2022-06-17;4407.0
2022-06-27;4083.0
2022-06-28;4059.0
2022-07-06;4076.0
2022-07-14;5141.0
2022-07-27;4076.0
2022-07-28;4093.0
2022-08-01;4772.0
2022-08-13;4056.0
2022-08-22;4569.0
2022-08-31;3712.0
2022-09-04;3632.0
2022-09-07;3790.0
2022-09-18;4192.0
2022-09-22;4147.0
2022-10-03;4360.0
2022-10-09;3709.0
2022-10-11;4234.0
2022-10-14;4377.0
2022-10-28;4126.0
2022-10-30;4122.0
2022-11-03;4099.0
2022-11-06;3895.0
2022-11-09;4279.0
2022-11-16;3989.0
2022-11-20;4121.0
2022-11-22;4121.0
2022-11-28;4327.0
2022-11-29;4120.0
2022-11-30;4000.0
2022-12-05;4361.0
2022-12-07;4377.0
2022-12-10;4203.0
2022-12-13;4297.0
2022-12-16;4366.0
2022-12-17;4282.0
2022-12-18;4059.0
2022-12-19;4253.0
2022-12-21;4236.0
2022-12-26;4428.0
2023-01-02;3910.0
2023-01-24;4187.0
2023-02-08;4137.0
2023-02-09;4356.0
2023-02-12;3839.0
2023-02-13;4751.0
2023-02-24;4020.0
2023-03-01;4137.0
2023-03-04;4137.0
2023-03-06;4424.0
2023-03-08;4254.0
2023-03-12;4105.0
2023-03-17;3827.0
2023-03-19;3825.0
2023-03-22;3928.0
2023-03-31;4076.0
2023-04-01;3787.0
2023-04-04;3889.0
2023-04-05;3952.0
2023-04-08;3939.0
2023-04-15;3866.0
2023-04-24;4093.0
2023-04-25;3567.0
2023-04-29;3867.0
2023-05-02;4507.0
2023-05-05;4058.0
2023-05-16;4172.0
2023-05-20;3904.0
2023-05-21;3870.0
2023-05-22;4586.0
2023-06-02;4218.0
2023-06-05;4383.0
2023-06-09;4108.0
2023-06-11;3945.0
2023-06-15;4086.0
2023-06-19;4277.0
2023-06-25;4244.0
2023-06-27;4310.0
2023-06-28;4249.0
2023-06-29;4239.0
2023-07-04;4050.0
2023-07-08;4080.0
2023-07-12;4090.0
2023-07-17;4371.0
2023-07-18;4072.0
2023-07-22;4131.0
2023-07-25;4044.0
2023-07-31;4490.0
2023-08-02;4416.0
2023-08-04;4303.0
2023-08-22;4653.0
2023-08-23;4584.0
2023-08-26;4147.0
2023-09-06;4017.0
2023-09-07;4060.0
2023-09-12;4018.0
2023-09-14;4221.0
2023-09-16;3787.0
2023-09-17;3629.0
2023-09-18;4082.0
2023-09-25;4452.0
2023-09-28;4307.0
2023-10-05;3688.0
2023-10-08;3979.0
2023-10-12;4094.0
2023-10-13;4192.0
2023-10-17;4021.0
2023-10-25;3903.0
2023-10-31;3824.0
2023-11-20;4078.0
2023-11-21;3976.0
2023-11-22;3967.0
2023-11-27;4165.0
2023-12-06;4143.0
2023-12-15;4367.0
2023-12-16;4247.0
2023-12-18;4777.0
2023-12-22;4684.0
2023-12-26;5212.0
2024-01-05;4386.0
2024-01-17;4209.0
2024-01-27;3731.0
2024-01-31;3681.0
2024-02-04;3608.0
2024-02-11;3602.0
2024-02-14;4112.0
2024-02-16;3974.0
2024-02-18;3625.0
2024-03-02;3672.0
2024-03-03;3824.0
2024-03-05;4231.0
2024-03-08;4143.0
2024-03-16;4339.0
2024-03-18;4489.0
2024-03-19;4185.0
2024-03-24;4105.0
2024-03-30;3774.0
2024-04-09;4081.0
2024-04-13;4037.0
2024-04-16;4292.0
2024-04-21;3873.0
2024-04-24;4185.0
2024-04-26;4019.0
2024-04-30;3908.0
2024-05-03;4015.0
2024-05-04;3911.0
2024-05-09;4417.0
2024-05-10;4566.0
2024-05-15;3911.0
2024-05-17;3801.0
2024-05-25;4195.0
2024-05-29;4395.0
2024-06-09;4086.0
2024-06-10;4097.0
2024-06-11;4140.0
2024-06-18;3835.0
2024-06-24;4200.0
2024-06-26;4026.0
2024-06-28;3696.0
2024-06-29;3795.0
2024-07-09;4140.0
2024-07-19;4154.0
2018-03-01;4188.0
2018-03-05;4152.0
2018-03-16;4008.0
2018-03-19;3973.0
2018-03-30;3477.0
2018-04-03;3562.0
2018-04-16;4145.0
2018-04-22;3641.0
2018-04-27;3703.0
2018-04-28;3307.0
2018-04-30;3732.0
2018-05-02;3547.0
2018-05-11;3804.0
2018-05-16;3710.0
2018-05-17;3903.0
2018-05-21;3830.0
2018-05-30;3424.0
2018-06-01;3656.0
2018-06-02;3400.0
2018-06-09;3481.0
2018-06-15;3660.0
2018-06-23;3812.0
2018-06-27;3513.0
2018-06-28;3398.0
2018-06-29;3449.0
2018-07-01;3453.0
2018-07-06;3692.0
2018-07-11;3713.0
2018-07-14;3691.0
2018-07-24;3689.0
2018-07-29;3652.0
2018-08-12;3797.0
2018-08-19;3992.0
2018-08-20;4189.0
2018-08-31;3797.0
2018-09-05;3609.0
2018-09-06;3485.0
2018-09-10;3947.0
2018-09-15;3665.0
2018-10-03;3708.0
2018-10-06;3674.0
2018-10-07;3422.0
2018-10-26;3520.0
2018-11-01;3837.0
2018-11-05;3726.0
2018-11-13;3964.0
2018-11-16;4023.0
2018-11-25;3342.0
2018-12-02;3470.0
2018-12-03;3905.0
2018-12-05;3800.0
2018-12-08;3770.0
2018-12-09;3830.0
2018-12-10;4075.0
2018-12-17;3874.0
2018-12-20;3946.0
2018-12-21;3961.0
2018-12-25;3806.0
2019-01-10;4135.0
2019-01-11;4205.0
2019-01-13;4114.0
2019-01-16;4303.0
2019-01-17;4320.0
2019-01-18;4268.0
2019-01-27;4005.0
2019-02-03;4129.0
2019-02-06;4271.0
2019-02-14;4337.0
2019-02-20;3846.0
2019-02-23;3964.0
2019-02-25;4095.0
2019-03-06;3571.0
2019-03-12;3727.0
2019-03-13;3489.0
2019-03-16;3504.0
2019-03-21;3837.0
2019-03-23;3615.0
2019-03-25;4125.0
2019-03-26;3746.0
2019-03-27;3939.0
2019-03-29;3843.0
2019-03-30;3717.0
2019-03-31;3700.0
2019-04-07;3580.0
2019-04-16;3587.0
2019-04-23;3399.0
2019-04-29;3872.0
2019-05-12;3902.0
2019-05-29;4001.0
2019-05-30;4120.0
2019-06-04;3847.0
2019-06-06;3547.0
2019-06-13;3479.0
2019-06-15;3584.0
2019-06-18;3515.0
2019-06-20;3410.0
2019-06-23;3573.0
2019-06-26;3389.0
2019-06-29;3675.0
2019-07-02;3627.0
2019-07-11;3886.0
2019-07-14;3763.0
2019-07-15;3911.0
2019-07-18;3803.0
2019-07-20;3708.0
2019-07-31;3768.0
2019-08-03;3794.0
2019-08-06;3794.0
2019-08-08;3864.0
2019-08-10;3663.0
2019-08-13;3756.0
2019-08-14;3731.0
2019-08-23;4051.0
2019-08-24;3841.0
2019-09-03;3913.0
2019-09-05;3743.0
2019-09-11;3768.0
2019-09-14;3853.0
2019-09-27;3902.0
2019-10-01;3961.0
2019-10-04;4023.0
2019-10-07;3715.0
2019-10-17;3948.0
2019-10-19;4077.0
2019-10-23;3990.0
2019-10-25;3973.0
2019-11-09;4144.0
2019-11-14;3648.0
2019-11-26;4122.0
2019-11-29;4068.0
2019-12-09;4268.0
2019-12-15;3900.0
2019-12-18;3962.0
2020-01-02;3930.0
2020-01-17;4318.0
2020-01-20;4317.0
2020-01-21;4146.0
2020-02-05;3999.0
2020-02-13;4026.0
2020-02-17;4230.0
2020-02-29;3636.0
2020-03-01;3509.0
2020-03-03;3752.0
2020-03-09;4167.0
2020-03-10;3588.0
2020-03-18;3843.0
2020-03-28;3244.0
2020-03-30;3331.0
2020-04-02;3597.0
2020-04-12;2771.0
2020-04-22;2949.0
2020-04-27;3037.0
2020-04-30;2942.0
2020-05-01;2828.0
2020-05-03;2907.0
2020-05-07;3188.0
2020-05-08;3143.0
2020-05-31;3518.0
2020-06-01;3714.0
2020-06-03;3353.0
2020-06-07;2860.0
2020-06-08;3371.0
2020-06-22;3703.0
2020-06-23;3450.0
2020-06-26;3389.0
2020-06-29;3498.0
2020-06-30;3459.0
2020-07-03;3252.0
2020-07-05;3435.0
2020-07-17;4218.0
2020-07-21;4047.0
2020-07-26;3413.0
2020-07-31;3727.0
2020-08-05;3672.0
2020-08-11;3350.0
2020-08-12;3440.0
2020-08-20;3513.0
2020-08-25;3655.0
2020-08-26;3662.0
2020-09-02;3394.0
2020-09-03;3567.0
2020-09-04;3608.0
2020-09-06;3561.0
2020-09-07;3914.0
2020-09-10;3684.0
2020-09-11;3816.0
2020-09-17;3410.0
2020-09-19;3220.0
2020-10-09;3633.0
2020-10-13;3441.0
2020-10-16;3752.0
2020-10-25;3187.0
2020-10-26;3828.0
2020-10-27;3575.0
2020-11-05;3398.0
2020-11-12;3724.0
2020-11-16;4087.0
2020-11-17;3587.0
2020-11-28;3323.0
2020-12-04;3618.0
2020-12-12;3648.0
2020-12-21;4088.0
2020-12-25;3420.0
2021-01-12;4573.0
2021-01-16;4058.0
2021-01-25;4225.0
2021-01-29;3422.0
2021-02-06;2925.0
2021-02-07;2834.0
2021-03-05;2954.0
2021-03-06;2978.0
2021-03-08;3163.0
2021-03-10;2860.0
2021-03-13;2843.0
2021-03-21;2825.0
2021-03-31;3548.0
2021-04-04;2919.0
2021-04-06;3361.0
2021-04-09;3437.0
2021-04-16;3540.0
2021-04-21;3298.0
2021-04-24;3072.0
2021-04-29;3402.0
2021-04-30;3651.0
2021-05-01;3341.0
2021-05-04;3468.0
2021-05-09;3241.0
2021-05-13;3574.0
2021-05-15;3521.0
2021-05-16;3483.0
2021-05-17;4144.0
2021-05-19;3803.0
2021-05-23;3290.0
2021-05-29;3616.0
2021-06-04;3882.0
2021-06-05;3653.0
2021-06-07;3925.0
2021-06-10;3573.0
2021-06-20;3384.0
2021-06-29;3702.0
2021-07-04;3478.0
2021-07-06;3792.0
2021-07-07;3918.0
2021-07-08;3898.0
2021-07-12;4130.0
2021-07-15;4295.0
2021-08-03;3939.0
2021-08-11;4270.0
2021-08-13;4221.0
2021-08-16;4548.0
2021-08-19;4044.0
2021-08-29;3622.0
2021-08-31;3920.0
2021-09-03;3954.0
2021-09-05;3930.0
2021-09-07;3892.0
2021-09-10;3989.0
2021-09-14;3765.0
2021-09-22;3737.0
2021-09-29;3733.0
2021-10-05;3597.0
2021-10-08;4305.0
2021-10-13;4085.0
2021-10-26;3871.0
2021-10-31;3973.0
2021-11-01;3792.0
2021-11-05;4234.0
2021-11-11;4117.0
2021-11-17;4114.0
2021-12-02;4081.0
2021-12-16;4015.0
2021-12-22;3846.0
2021-12-24;3881.0
2021-12-25;3792.0
2021-12-29;4068.0
2021-12-30;3879.0
2022-01-04;3918.0
2022-01-16;3928.0
2022-01-19;4347.0
2022-01-25;4452.0
2022-02-07;4601.0
2022-02-08;4523.0
2022-02-14;4147.0
2022-02-16;3898.0
2022-02-17;4226.0
2022-02-22;3990.0
2022-02-23;3903.0
2022-02-24;3795.0
2022-03-04;3897.0
2022-03-07;4138.0
2022-03-11;4020.0
2022-03-12;3639.0
2022-03-15;4308.0
2022-03-19;3940.0
2022-03-21;4332.0
2022-03-29;4260.0
2022-04-03;3719.0
2022-04-12;3905.0
2022-04-16;4094.0
2022-04-27;3985.0
2022-04-28;4062.0
2022-05-19;4403.0
2022-05-31;4638.0
2022-06-10;4672.0
2022-06-16;3789.0
2022-06-30;3966.0
2022-07-01;4233.0
2022-07-02;4228.0
2022-07-09;4701.0
2022-07-15;5010.0
2022-07-20;4266.0
2022-07-23;4139.0
2022-08-02;4525.0
2022-08-05;4132.0
2022-08-16;3997.0
2022-09-09;4276.0
2022-09-13;3835.0
2022-09-14;3898.0
2022-09-24;3820.0
2022-09-26;4203.0
2022-09-29;3872.0
2022-10-06;4336.0
2022-10-07;4211.0
2022-10-22;3889.0
2022-10-23;3753.0
2022-10-26;4144.0
2022-10-29;4022.0
2022-11-01;3811.0
2022-11-07;4502.0
2022-11-12;4181.0
2022-11-13;3999.0
2022-11-14;4357.0
2022-11-18;3941.0
2022-11-27;3930.0
2022-12-01;3930.0
2022-12-08;3923.0
2022-12-11;4102.0
2022-12-14;4244.0
2022-12-20;4096.0
2022-12-22;4106.0
2022-12-27;4182.0
2022-12-28;4157.0
2022-12-31;3736.0
2023-01-11;4195.0
2023-01-16;4208.0
2023-01-25;4144.0
2023-01-29;4088.0
2023-01-31;4279.0
2023-02-10;4412.0
2023-02-22;4204.0
2023-02-23;3958.0
2023-02-25;3792.0
2023-02-26;3981.0
2023-02-28;4019.0
2023-03-11;3983.0
2023-03-14;4138.0
2023-03-16;4133.0
2023-03-18;3861.0
2023-03-20;4315.0
2023-04-02;3748.0
2023-04-10;4075.0
2023-04-12;3653.0
2023-04-13;3712.0
2023-04-16;4009.0
2023-04-17;4416.0
2023-05-06;3850.0
2023-05-07;3852.0
2023-05-17;4181.0
2023-05-23;4322.0
2023-05-27;4017.0
2023-05-28;3830.0
2023-06-01;4199.0
2023-06-03;4164.0
2023-06-04;3947.0
2023-06-08;3693.0
2023-06-10;3973.0
2023-06-12;4111.0
2023-06-23;4183.0
2023-06-30;4230.0
2023-07-05;4141.0
2023-07-13;4242.0
2023-07-14;4285.0
2023-07-21;4075.0
2023-07-28;4207.0
2023-07-29;4469.0
2023-08-03;4169.0
2023-08-06;4738.0
2023-08-07;4890.0
2023-08-09;4688.0
2023-08-16;4286.0
2023-08-18;4331.0
2023-08-19;4364.0
2023-08-21;4797.0
2023-08-27;4011.0
2023-08-30;4125.0
2023-09-03;3885.0
2023-09-11;4277.0
2023-09-26;4152.0
2023-10-06;4222.0
2023-10-09;4572.0
2023-10-11;4241.0
2023-10-16;4224.0
2023-10-18;3879.0
2023-10-21;3794.0
2023-10-26;3958.0
2023-10-27;3703.0
2023-10-28;3821.0
2023-10-30;4069.0
2023-11-09;4281.0
2023-11-14;4040.0
2023-11-26;3722.0
2023-12-04;4420.0
2023-12-13;4289.0
2023-12-14;4332.0
2023-12-19;4498.0
2023-12-21;4468.0
2023-12-29;4458.0
2023-12-30;4705.0
2023-12-31;4650.0
2024-01-02;5395.0
2024-01-20;3817.0
2024-01-25;4017.0
2024-01-26;4062.0
2024-02-01;3962.0
2024-02-12;4120.0
2024-02-17;3708.0
2024-02-22;3676.0
2024-02-25;3451.0
2024-02-28;3988.0
2024-03-09;3935.0
2024-03-11;4539.0
2024-03-12;4265.0
2024-03-22;4282.0
2024-04-01;4202.0
2024-04-06;3874.0
2024-04-14;3982.0
2024-04-27;3629.0
2024-05-05;3835.0
2024-05-13;4129.0
2024-05-19;3839.0
2024-05-30;4051.0
2024-06-04;4483.0
2024-06-07;3999.0
2024-06-12;4034.0
2024-06-13;3971.0
2024-06-14;3975.0
2024-06-16;3819.0
2024-06-21;3864.0
2024-07-02;4285.0
2024-07-05;4346.0
2024-07-13;3911.0
