confirmation_date1;day_cum_abs_num;day_ob_abs_num
04/03/2020;1;
05/03/2020;3;
06/03/2020;6;
07/03/2020;7;
08/03/2020;7;
09/03/2020;5;
10/03/2020;10;
11/03/2020;12;
12/03/2020;37;
13/03/2020;47;
14/03/2020;93;
15/03/2020;83;
16/03/2020;111;1
17/03/2020;111;1
18/03/2020;144;2
19/03/2020;259;1
20/03/2020;218;5
21/03/2020;236;5
22/03/2020;310;11
23/03/2020;327;11
24/03/2020;578;12
25/03/2020;482;16
26/03/2020;603;17
27/03/2020;722;25
28/03/2020;561;20
29/03/2020;446;23
30/03/2020;934;29
31/03/2020;857;35
01/04/2020;721;26
02/04/2020;735;37
03/04/2020;708;25
04/04/2020;586;28
05/04/2020;495;26
06/04/2020;752;41
07/04/2020;683;40
08/04/2020;748;34
09/04/2020;664;28
10/04/2020;548;38
11/04/2020;542;31
12/04/2020;433;34
13/04/2020;656;35
14/04/2020;703;34
15/04/2020;679;31
16/04/2020;704;28
17/04/2020;722;33
18/04/2020;338;30
19/04/2020;422;26
20/04/2020;616;28
21/04/2020;501;24
22/04/2020;544;37
23/04/2020;563;21
24/04/2020;469;30
25/04/2020;269;23
26/04/2020;260;24
27/04/2020;470;20
28/04/2020;470;27
29/04/2020;422;14
30/04/2020;411;20
01/05/2020;238;17
02/05/2020;206;20
03/05/2020;182;22
04/05/2020;451;10
05/05/2020;408;15
06/05/2020;371;16
07/05/2020;400;9
08/05/2020;335;11
09/05/2020;176;10
10/05/2020;177;9
11/05/2020;324;16
12/05/2020;254;10
13/05/2020;249;5
14/05/2020;290;10
15/05/2020;283;10
16/05/2020;228;13
17/05/2020;208;5
18/05/2020;323;10
19/05/2020;367;11
20/05/2020;293;11
21/05/2020;339;5
22/05/2020;345;10
23/05/2020;151;10
24/05/2020;180;11
25/05/2020;258;9
26/05/2020;316;10
27/05/2020;297;9
28/05/2020;360;11
29/05/2020;296;11
30/05/2020;231;9
31/05/2020;159;10
01/06/2020;350;12
02/06/2020;296;6
03/06/2020;378;5
04/06/2020;325;7
05/06/2020;412;8
06/06/2020;234;5
07/06/2020;122;7
08/06/2020;444;6
09/06/2020;358;4
10/06/2020;290;5
11/06/2020;200;1
12/06/2020;343;7
13/06/2020;158;5
14/06/2020;167;3
15/06/2020;307;3
16/06/2020;354;2
17/06/2020;377;5
18/06/2020;479;3
19/06/2020;439;0
20/06/2020;237;3
21/06/2020;264;4
22/06/2020;439;8
23/06/2020;419;2
24/06/2020;383;6
25/06/2020;439;6
26/06/2020;422;6
27/06/2020;285;5
28/06/2020;287;5
29/06/2020;381;9
30/06/2020;393;2
01/07/2020;369;7
02/07/2020;428;12
03/07/2020;421;7
04/07/2020;254;9
05/07/2020;222;8
06/07/2020;396;9
07/07/2020;452;2
08/07/2020;371;13
09/07/2020;441;2
10/07/2020;408;8
11/07/2020;282;6
12/07/2020;250;1
13/07/2020;393;6
14/07/2020;399;8
15/07/2020;321;3
16/07/2020;353;3
17/07/2020;319;2
18/07/2020;175;5
19/07/2020;162;2
20/07/2020;272;7
21/07/2020;266;4
22/07/2020;248;3
23/07/2020;337;7
24/07/2020;295;4
25/07/2020;187;1
26/07/2020;105;3
27/07/2020;231;3
28/07/2020;240;3
29/07/2020;249;2
30/07/2020;266;7
31/07/2020;265;2
01/08/2020;138;1
02/08/2020;98;0
03/08/2020;200;1
04/08/2020;225;1
05/08/2020;261;3
06/08/2020;267;3
07/08/2020;258;4
08/08/2020;130;6
09/08/2020;112;4
10/08/2020;207;1
11/08/2020;268;3
12/08/2020;315;6
13/08/2020;261;2
14/08/2020;316;3
15/08/2020;143;3
16/08/2020;101;1
17/08/2020;282;5
18/08/2020;239;2
19/08/2020;284;4
20/08/2020;258;3
21/08/2020;206;2
22/08/2020;136;2
23/08/2020;124;5
24/08/2020;257;4
25/08/2020;328;2
26/08/2020;426;2
27/08/2020;488;6
28/08/2020;354;3
29/08/2020;279;1
30/08/2020;201;3
31/08/2020;297;3
01/09/2020;356;3
02/09/2020;380;2
03/09/2020;469;4
04/09/2020;493;5
05/09/2020;308;2
06/09/2020;262;3
07/09/2020;471;3
08/09/2020;544;4
09/09/2020;592;2
10/09/2020;650;3
11/09/2020;581;5
12/09/2020;505;7
13/09/2020;457;4
14/09/2020;658;4
15/09/2020;590;3
16/09/2020;632;10
17/09/2020;791;6
18/09/2020;857;5
19/09/2020;506;13
20/09/2020;473;8
21/09/2020;640;5
22/09/2020;750;3
23/09/2020;713;3
24/09/2020;864;5
25/09/2020;855;8
26/09/2020;529;9
27/09/2020;463;4
28/09/2020;644;6
29/09/2020;799;9
30/09/2020;762;5
01/10/2020;782;6
02/10/2020;975;12
03/10/2020;786;12
04/10/2020;613;11
05/10/2020;479;14
06/10/2020;910;9
07/10/2020;1039;11
08/10/2020;1413;12
09/10/2020;1547;5
10/10/2020;950;16
11/10/2020;1129;14
12/10/2020;1416;16
13/10/2020;1930;9
14/10/2020;2006;11
15/10/2020;2253;20
16/10/2020;2029;13
17/10/2020;1683;19
18/10/2020;1618;17
19/10/2020;1980;16
20/10/2020;2391;15
21/10/2020;2897;17
22/10/2020;2710;30
23/10/2020;3210;19
24/10/2020;2200;19
25/10/2020;2037;30
26/10/2020;3042;26
27/10/2020;3439;26
28/10/2020;3907;31
29/10/2020;4084;40
30/10/2020;3722;39
31/10/2020;2753;36
01/11/2020;2243;47
02/11/2020;2814;48
03/11/2020;7623;62
04/11/2020;4926;45
05/11/2020;4835;54
06/11/2020;5009;55
07/11/2020;3758;52
08/11/2020;3296;61
09/11/2020;4112;63
10/11/2020;4708;80
11/11/2020;5181;81
12/11/2020;5888;69
13/11/2020;5933;60
14/11/2020;5062;79
15/11/2020;3483;95
16/11/2020;4861;73
17/11/2020;5297;73
18/11/2020;6249;74
19/11/2020;6023;55
20/11/2020;6103;61
21/11/2020;4680;69
22/11/2020;3555;75
23/11/2020;4085;87
24/11/2020;5266;69
25/11/2020;5704;79
26/11/2020;5168;71
27/11/2020;4559;81
28/11/2020;3999;65
29/11/2020;4466;80
30/11/2020;3243;70
01/12/2020;2980;69
02/12/2020;4004;74
03/12/2020;4659;80
04/12/2020;5049;75
05/12/2020;3739;84
06/12/2020;2775;82
07/12/2020;3671;73
08/12/2020;3612;74
09/12/2020;3488;87
10/12/2020;4771;99
11/12/2020;4506;85
12/12/2020;3760;103
13/12/2020;2053;88
14/12/2020;3285;84
15/12/2020;4711;86
16/12/2020;4396;78
17/12/2020;4407;74
18/12/2020;4082;88
19/12/2020;3099;68
20/12/2020;2167;65
21/12/2020;3102;64
22/12/2020;4442;85
23/12/2020;4052;70
24/12/2020;3604;68
25/12/2020;1286;78
26/12/2020;1719;65
27/12/2020;1914;62
28/12/2020;3573;72
29/12/2020;5492;75
30/12/2020;6566;75
31/12/2020;6971;69
01/01/2021;2899;81
02/01/2021;3204;73
03/01/2021;3729;85
04/01/2021;5176;89
05/01/2021;8927;93
06/01/2021;9083;99
07/01/2021;9384;117
08/01/2021;8721;112
09/01/2021;6587;105
10/01/2021;5087;130
11/01/2021;7522;156
12/01/2021;9649;152
13/01/2021;9820;144
14/01/2021;10030;156
15/01/2021;10333;174
16/01/2021;8660;156
17/01/2021;5872;171
18/01/2021;10612;210
19/01/2021;13621;218
20/01/2021;12789;222
21/01/2021;13296;241
22/01/2021;14541;264
23/01/2021;10262;275
24/01/2021;6361;268
25/01/2021;11386;280
26/01/2021;15173;291
27/01/2021;13851;296
28/01/2021;12600;276
29/01/2021;11962;292
30/01/2021;8325;297
31/01/2021;5466;282
01/02/2021;7060;255
02/02/2021;9047;246
03/02/2021;8395;226
04/02/2021;7193;245
05/02/2021;6622;217
06/02/2021;3471;195
07/02/2021;2572;203
08/02/2021;3984;195
09/02/2021;4746;153
10/02/2021;4308;164
11/02/2021;3349;146
12/02/2021;3232;154
13/02/2021;1802;134
14/02/2021;1360;89
15/02/2021;2314;114
16/02/2021;2901;126
17/02/2021;2357;98
18/02/2021;2316;68
19/02/2021;2131;72
20/02/2021;1180;67
21/02/2021;638;63
22/02/2021;1507;59
23/02/2021;1692;49
24/02/2021;1538;50
25/02/2021;1396;58
26/02/2021;1479;31
27/02/2021;746;42
28/02/2021;448;38
01/03/2021;1197;34
02/03/2021;1450;41
03/03/2021;1346;27
04/03/2021;1583;27
05/03/2021;1588;26
06/03/2021;1103;30
07/03/2021;546;24
08/03/2021;3023;32
09/03/2021;1034;21
10/03/2021;935;18
11/03/2021;916;15
12/03/2021;847;19
13/03/2021;524;11
14/03/2021;288;14
15/03/2021;734;14
16/03/2021;1003;16
17/03/2021;694;19
18/03/2021;799;9
19/03/2021;737;8
20/03/2021;439;9
21/03/2021;346;13
22/03/2021;830;10
23/03/2021;1020;11
24/03/2021;892;9
25/03/2021;783;5
26/03/2021;685;8
27/03/2021;396;12
28/03/2021;362;4
29/03/2021;840;2
30/03/2021;918;3
31/03/2021;839;11
01/04/2021;742;9
02/04/2021;405;7
03/04/2021;366;4
04/04/2021;237;6
05/04/2021;700;2
06/04/2021;779;3
07/04/2021;721;10
08/04/2021;805;5
09/04/2021;752;6
10/04/2021;516;6
11/04/2021;231;2
12/04/2021;731;6
13/04/2021;769;7
14/04/2021;645;2
15/04/2021;648;5
16/04/2021;724;5
17/04/2021;401;1
18/04/2021;240;1
19/04/2021;667;5
20/04/2021;689;1
21/04/2021;744;4
22/04/2021;636;1
23/04/2021;725;3
24/04/2021;434;5
25/04/2021;219;0
26/04/2021;610;5
27/04/2021;719;3
28/04/2021;657;1
29/04/2021;654;0
30/04/2021;607;2
01/05/2021;329;1
02/05/2021;197;1
03/05/2021;706;3
04/05/2021;538;2
05/05/2021;592;5
06/05/2021;558;1
07/05/2021;549;2
08/05/2021;323;1
09/05/2021;195;1
10/05/2021;471;1
11/05/2021;592;4
12/05/2021;587;1
13/05/2021;555;0
14/05/2021;549;9
15/05/2021;315;0
16/05/2021;157;2
17/05/2021;536;1
18/05/2021;542;1
19/05/2021;666;1
20/05/2021;641;3
21/05/2021;638;0
22/05/2021;395;0
23/05/2021;224;1
24/05/2021;494;3
25/05/2021;659;1
26/05/2021;654;0
27/05/2021;671;1
28/05/2021;639;0
29/05/2021;422;0
30/05/2021;334;2
31/05/2021;724;1
01/06/2021;761;1
02/06/2021;902;3
03/06/2021;396;1
04/06/2021;677;2
05/06/2021;530;2
06/06/2021;316;2
07/06/2021;788;1
08/06/2021;879;0
09/06/2021;994;6
10/06/2021;441;1
11/06/2021;839;0
12/06/2021;626;2
13/06/2021;552;0
14/06/2021;1102;3
15/06/2021;1297;6
16/06/2021;1227;1
17/06/2021;1361;5
18/06/2021;1317;2
19/06/2021;866;2
20/06/2021;672;3
21/06/2021;1239;7
22/06/2021;1550;2
23/06/2021;1611;2
24/06/2021;1599;2
25/06/2021;1618;2
26/06/2021;1273;1
27/06/2021;804;3
28/06/2021;1951;6
29/06/2021;2224;4
30/06/2021;2259;4
01/07/2021;2420;7
02/07/2021;2725;5
03/07/2021;1748;0
04/07/2021;1346;5
05/07/2021;2570;2
06/07/2021;3229;6
07/07/2021;3421;12
08/07/2021;3284;6
09/07/2021;3395;7
10/07/2021;2052;9
11/07/2021;1662;7
12/07/2021;3279;9
13/07/2021;4612;8
14/07/2021;4079;6
15/07/2021;4110;6
16/07/2021;4289;6
17/07/2021;3118;8
18/07/2021;2441;9
19/07/2021;3273;5
20/07/2021;4248;13
21/07/2021;3821;16
22/07/2021;4153;16
23/07/2021;3624;17
24/07/2021;2371;8
25/07/2021;1700;11
26/07/2021;2928;5
27/07/2021;3642;14
28/07/2021;3169;9
29/07/2021;2871;15
30/07/2021;2712;17
31/07/2021;2108;9
01/08/2021;1324;11
02/08/2021;2509;17
03/08/2021;3136;14
04/08/2021;2748;10
05/08/2021;2260;18
06/08/2021;2524;14
07/08/2021;1882;13
08/08/2021;956;17
09/08/2021;2574;19
10/08/2021;3139;11
11/08/2021;2777;11
12/08/2021;2668;13
13/08/2021;2590;9
14/08/2021;1740;13
15/08/2021;990;14
16/08/2021;2468;10
17/08/2021;2940;17
18/08/2021;2707;10
19/08/2021;2524;10
20/08/2021;2831;6
21/08/2021;1837;9
22/08/2021;980;8
23/08/2021;2735;12
24/08/2021;3121;15
25/08/2021;2696;16
26/08/2021;2545;12
27/08/2021;2455;8
28/08/2021;1609;9
29/08/2021;1000;11
30/08/2021;2323;12
31/08/2021;2515;13
01/09/2021;2147;9
02/09/2021;2023;9
03/09/2021;1892;12
04/09/2021;1011;13
05/09/2021;604;12
06/09/2021;1639;7
07/09/2021;1773;10
08/09/2021;1488;9
09/09/2021;1472;7
10/09/2021;1189;10
11/09/2021;807;8
12/09/2021;435;5
13/09/2021;1268;6
14/09/2021;1261;9
15/09/2021;1088;7
16/09/2021;1184;7
17/09/2021;1054;6
18/09/2021;601;6
19/09/2021;327;7
20/09/2021;1173;10
21/09/2021;1075;9
22/09/2021;1024;4
23/09/2021;936;9
24/09/2021;920;5
25/09/2021;529;2
26/09/2021;291;1
27/09/2021;831;8
28/09/2021;853;5
29/09/2021;876;7
30/09/2021;759;4
01/10/2021;723;7
02/10/2021;355;7
03/10/2021;302;7
04/10/2021;840;4
05/10/2021;441;4
06/10/2021;827;12
07/10/2021;883;7
08/10/2021;809;7
09/10/2021;448;7
10/10/2021;295;8
11/10/2021;800;9
12/10/2021;930;7
13/10/2021;934;6
14/10/2021;809;7
15/10/2021;778;10
16/10/2021;443;8
17/10/2021;265;4
18/10/2021;859;6
19/10/2021;964;4
20/10/2021;891;8
21/10/2021;951;8
22/10/2021;985;4
23/10/2021;533;3
24/10/2021;258;5
25/10/2021;1018;3
26/10/2021;998;3
27/10/2021;947;5
28/10/2021;925;4
29/10/2021;963;4
30/10/2021;645;1
31/10/2021;371;5
01/11/2021;424;11
02/11/2021;1232;6
03/11/2021;1377;6
04/11/2021;1281;8
05/11/2021;1290;4
06/11/2021;852;5
07/11/2021;492;5
08/11/2021;1333;9
09/11/2021;1633;5
10/11/2021;1504;8
11/11/2021;1683;7
12/11/2021;1775;7
13/11/2021;1185;15
14/11/2021;828;9
15/11/2021;1973;10
16/11/2021;2438;11
17/11/2021;2448;13
18/11/2021;2326;4
19/11/2021;2620;12
20/11/2021;1858;11
21/11/2021;1321;18
22/11/2021;2797;14
23/11/2021;3748;15
24/11/2021;3144;15
25/11/2021;3246;11
26/11/2021;3391;10
27/11/2021;2497;12
28/11/2021;1472;15
29/11/2021;3304;12
30/11/2021;4502;15
01/12/2021;2537;14
02/12/2021;3541;22
03/12/2021;4635;24
04/12/2021;3360;21
05/12/2021;1963;14
06/12/2021;4023;23
07/12/2021;5216;15
08/12/2021;3071;23
09/12/2021;4215;12
10/12/2021;5156;20
11/12/2021;3556;13
12/12/2021;2103;16
13/12/2021;4188;13
14/12/2021;5802;11
15/12/2021;5284;20
16/12/2021;4731;24
17/12/2021;5261;13
18/12/2021;3724;23
19/12/2021;2588;21
20/12/2021;6197;16
21/12/2021;8621;8
22/12/2021;10143;18
23/12/2021;13135;11
24/12/2021;9312;10
25/12/2021;3350;14
26/12/2021;5746;16
27/12/2021;17830;20
28/12/2021;26276;11
29/12/2021;29324;14
30/12/2021;31959;17
31/12/2021;22802;23
01/01/2022;10609;16
02/01/2022;10591;13
03/01/2022;27922;12
04/01/2022;40265;15
05/01/2022;40799;25
06/01/2022;40863;18
07/01/2022;38696;17
08/01/2022;28528;25
09/01/2022;18661;21
10/01/2022;36401;27
11/01/2022;43633;19
12/01/2022;42599;21
13/01/2022;42804;35
14/01/2022;41879;34
15/01/2022;33612;36
16/01/2022;22678;35
17/01/2022;46846;41
18/01/2022;55813;34
19/01/2022;59631;32
20/01/2022;62055;47
21/01/2022;61133;46
22/01/2022;47858;33
23/01/2022;33832;48
24/01/2022;61048;49
25/01/2022;69041;42
26/01/2022;69565;37
27/01/2022;67051;43
28/01/2022;62209;36
29/01/2022;47405;35
30/01/2022;28905;50
31/01/2022;53241;62
01/02/2022;57322;54
02/02/2022;53216;60
03/02/2022;50077;45
04/02/2022;43974;45
05/02/2022;32667;53
06/02/2022;17479;37
07/02/2022;32499;40
08/02/2022;36020;51
09/02/2022;29333;42
10/02/2022;25617;42
11/02/2022;20681;50
12/02/2022;16743;39
13/02/2022;8779;37
14/02/2022;19297;54
15/02/2022;21207;47
16/02/2022;17607;41
17/02/2022;16640;51
18/02/2022;14991;35
19/02/2022;9906;39
20/02/2022;6127;31
21/02/2022;14308;27
22/02/2022;19371;28
23/02/2022;12484;20
24/02/2022;11433;30
25/02/2022;10573;31
26/02/2022;7587;37
27/02/2022;4323;29
28/02/2022;11822;21
01/03/2022;10353;27
02/03/2022;12989;27
03/03/2022;15599;25
04/03/2022;15104;19
05/03/2022;10583;19
06/03/2022;5904;17
07/03/2022;16184;30
08/03/2022;15706;18
09/03/2022;13730;20
10/03/2022;13349;17
11/03/2022;12971;16
12/03/2022;9021;22
13/03/2022;4853;17
14/03/2022;14839;14
15/03/2022;15304;11
16/03/2022;13635;12
17/03/2022;12787;27
18/03/2022;11984;16
19/03/2022;8497;26
20/03/2022;4432;21
21/03/2022;14596;30
22/03/2022;14953;22
23/03/2022;12814;19
24/03/2022;11360;17
25/03/2022;11778;29
26/03/2022;7651;23
27/03/2022;3972;18
28/03/2022;12646;23
29/03/2022;12849;30
30/03/2022;11677;20
31/03/2022;11020;17
01/04/2022;9788;28
02/04/2022;6723;20
03/04/2022;3475;13
04/04/2022;10826;26
05/04/2022;11326;13
06/04/2022;10068;21
07/04/2022;10223;24
08/04/2022;9629;19
09/04/2022;7159;25
10/04/2022;3659;24
11/04/2022;12117;24
12/04/2022;12456;15
13/04/2022;11444;25
14/04/2022;11690;16
15/04/2022;5082;25
16/04/2022;7593;27
17/04/2022;3264;13
18/04/2022;12983;19
19/04/2022;14061;25
20/04/2022;11438;17
21/04/2022;11570;14
22/04/2022;9412;16
23/04/2022;6900;20
24/04/2022;3694;16
25/04/2022;4783;17
26/04/2022;14134;22
27/04/2022;14275;18
28/04/2022;13758;12
29/04/2022;13414;20
30/04/2022;8932;21
01/05/2022;4758;18
02/05/2022;13539;18
03/05/2022;16457;26
04/05/2022;15482;17
05/05/2022;17473;22
06/05/2022;17124;15
07/05/2022;13448;19
08/05/2022;7370;17
09/05/2022;22819;30
10/05/2022;27423;28
11/05/2022;27844;25
12/05/2022;29445;29
13/05/2022;24251;17
14/05/2022;19207;28
15/05/2022;9131;36
16/05/2022;38390;30
17/05/2022;34135;29
18/05/2022;32802;33
19/05/2022;29555;28
20/05/2022;29258;31
21/05/2022;16543;34
22/05/2022;9833;39
23/05/2022;35654;40
24/05/2022;31324;32
25/05/2022;31036;24
26/05/2022;26235;35
27/05/2022;25295;37
28/05/2022;17256;31
29/05/2022;8948;32
30/05/2022;34934;33
31/05/2022;32597;42
01/06/2022;26615;50
02/06/2022;25360;31
03/06/2022;23759;44
04/06/2022;14601;43
05/06/2022;7602;52
06/06/2022;27392;39
07/06/2022;22350;41
08/06/2022;22417;42
09/06/2022;19346;31
10/06/2022;6615;44
11/06/2022;13765;33
12/06/2022;6163;32
13/06/2022;23252;40
14/06/2022;20307;41
15/06/2022;17835;39
16/06/2022;6216;38
17/06/2022;16814;39
18/06/2022;10984;41
19/06/2022;5326;31
20/06/2022;18004;24
21/06/2022;15104;24
22/06/2022;13186;33
23/06/2022;11414;20
24/06/2022;9869;14
25/06/2022;4669;20
26/06/2022;2895;21
27/06/2022;15430;22
28/06/2022;10527;18
29/06/2022;10412;28
30/06/2022;11697;12
01/07/2022;9864;22
02/07/2022;5487;16
03/07/2022;3250;18
04/07/2022;13422;17
05/07/2022;10396;18
06/07/2022;9274;27
07/07/2022;7408;21
08/07/2022;6513;11
09/07/2022;4138;23
10/07/2022;1988;22
11/07/2022;8727;20
12/07/2022;7179;10
13/07/2022;5580;18
14/07/2022;5277;17
15/07/2022;5322;24
16/07/2022;3062;17
17/07/2022;1659;13
18/07/2022;7132;14
19/07/2022;5632;16
20/07/2022;5084;13
21/07/2022;4230;15
22/07/2022;4462;10
23/07/2022;2554;7
24/07/2022;1186;8
25/07/2022;5297;10
26/07/2022;4060;12
27/07/2022;3238;13
28/07/2022;3261;9
29/07/2022;3150;10
30/07/2022;2040;9
31/07/2022;1066;7
01/08/2022;3994;12
02/08/2022;3701;10
03/08/2022;3053;11
04/08/2022;3128;10
05/08/2022;2837;7
06/08/2022;1473;9
07/08/2022;1005;11
08/08/2022;3853;12
09/08/2022;3070;8
10/08/2022;2795;8
11/08/2022;2821;3
12/08/2022;2708;10
13/08/2022;1607;7
14/08/2022;774;9
15/08/2022;1010;4
16/08/2022;4049;8
17/08/2022;2996;2
18/08/2022;2867;9
19/08/2022;2536;3
20/08/2022;1580;5
21/08/2022;957;9
22/08/2022;3918;4
23/08/2022;2956;7
24/08/2022;3046;7
25/08/2022;2849;4
26/08/2022;2610;8
27/08/2022;1651;8
28/08/2022;842;8
29/08/2022;3765;6
30/08/2022;2855;10
31/08/2022;2888;7
01/09/2022;2571;5
02/09/2022;2252;3
03/09/2022;1548;11
04/09/2022;698;6
05/09/2022;3512;7
06/09/2022;2570;6
07/09/2022;2497;8
08/09/2022;2482;4
09/09/2022;2397;3
10/09/2022;1562;4
11/09/2022;886;7
12/09/2022;3638;7
13/09/2022;3042;11
14/09/2022;2624;4
15/09/2022;2619;4
16/09/2022;2729;7
17/09/2022;1772;3
18/09/2022;934;5
19/09/2022;4230;4
20/09/2022;3548;2
21/09/2022;3044;12
22/09/2022;2990;7
23/09/2022;2818;7
24/09/2022;1845;5
25/09/2022;783;5
26/09/2022;4331;6
27/09/2022;3086;6
28/09/2022;2625;2
29/09/2022;2864;8
30/09/2022;2829;11
01/10/2022;1317;8
02/10/2022;461;9
03/10/2022;1308;5
04/10/2022;1075;7
05/10/2022;468;5
06/10/2022;1389;6
07/10/2022;1128;4
08/10/2022;708;6
09/10/2022;394;9
10/10/2022;1365;5
11/10/2022;1274;8
12/10/2022;1171;6
13/10/2022;1132;8
14/10/2022;1101;7
15/10/2022;632;7
16/10/2022;380;7
17/10/2022;1326;9
18/10/2022;2282;7
19/10/2022;1102;5
20/10/2022;1007;9
21/10/2022;1042;4
22/10/2022;543;4
23/10/2022;422;12
24/10/2022;1079;11
25/10/2022;1012;10
26/10/2022;1009;5
27/10/2022;957;3
28/10/2022;934;11
29/10/2022;484;13
30/10/2022;325;8
31/10/2022;1083;7
01/11/2022;346;7
02/11/2022;1007;5
03/11/2022;957;6
04/11/2022;969;6
05/11/2022;595;12
06/11/2022;348;6
07/11/2022;1208;7
08/11/2022;1091;9
09/11/2022;949;6
10/11/2022;962;5
11/11/2022;947;11
12/11/2022;524;6
13/11/2022;378;11
14/11/2022;1422;9
15/11/2022;1107;8
16/11/2022;967;5
17/11/2022;888;5
18/11/2022;786;9
19/11/2022;549;8
20/11/2022;341;4
21/11/2022;1061;12
22/11/2022;821;6
23/11/2022;846;3
24/11/2022;857;12
25/11/2022;806;10
26/11/2022;384;10
27/11/2022;347;7
28/11/2022;872;12
29/11/2022;856;8
30/11/2022;759;7
01/12/2022;274;12
02/12/2022;604;10
03/12/2022;370;10
04/12/2022;227;10
05/12/2022;773;12
06/12/2022;571;15
07/12/2022;591;11
08/12/2022;231;6
09/12/2022;693;10
10/12/2022;289;9
11/12/2022;223;10
12/12/2022;731;10
13/12/2022;612;12
14/12/2022;549;13
15/12/2022;644;12
16/12/2022;487;11
17/12/2022;211;4
18/12/2022;213;9
19/12/2022;472;9
20/12/2022;426;11
21/12/2022;453;10
22/12/2022;456;11
23/12/2022;385;5
24/12/2022;184;5
25/12/2022;163;8
26/12/2022;409;3
27/12/2022;408;11
28/12/2022;448;6
29/12/2022;408;6
30/12/2022;371;8
31/12/2022;233;6
01/01/2023;127;10
02/01/2023;353;6
03/01/2023;417;7
04/01/2023;356;4
05/01/2023;299;7
06/01/2023;350;10
07/01/2023;210;11
08/01/2023;172;16
09/01/2023;391;6
10/01/2023;317;14
11/01/2023;265;11
12/01/2023;331;10
13/01/2023;314;6
14/01/2023;128;7
15/01/2023;104;4
16/01/2023;303;8
17/01/2023;305;8
18/01/2023;172;13
19/01/2023;184;9
20/01/2023;192;9
21/01/2023;100;10
22/01/2023;79;7
23/01/2023;249;5
24/01/2023;201;8
25/01/2023;217;5
26/01/2023;164;5
27/01/2023;229;3
28/01/2023;99;4
29/01/2023;78;3
30/01/2023;202;6
31/01/2023;193;3
01/02/2023;171;6
02/02/2023;187;2
03/02/2023;166;5
04/02/2023;77;2
05/02/2023;77;3
06/02/2023;287;5
07/02/2023;305;3
08/02/2023;286;12
09/02/2023;252;5
10/02/2023;239;9
11/02/2023;140;10
12/02/2023;107;8
13/02/2023;282;2
14/02/2023;223;11
15/02/2023;256;4
16/02/2023;250;12
17/02/2023;306;14
18/02/2023;127;10
19/02/2023;107;4
20/02/2023;373;5
21/02/2023;160;13
22/02/2023;228;6
23/02/2023;295;8
24/02/2023;289;7
25/02/2023;121;6
26/02/2023;106;8
27/02/2023;375;8
28/02/2023;317;9
01/03/2023;294;4
02/03/2023;174;4
03/03/2023;187;9
04/03/2023;126;5
05/03/2023;110;10
06/03/2023;265;8
07/03/2023;297;8
08/03/2023;272;2
09/03/2023;267;5
10/03/2023;281;8
11/03/2023;131;7
12/03/2023;99;4
13/03/2023;298;9
14/03/2023;297;4
15/03/2023;359;12
16/03/2023;263;7
17/03/2023;278;7
18/03/2023;155;10
19/03/2023;85;8
20/03/2023;327;9
21/03/2023;227;10
22/03/2023;369;9
23/03/2023;263;3
24/03/2023;233;5
25/03/2023;94;4
26/03/2023;104;5
27/03/2023;372;8
28/03/2023;310;5
29/03/2023;236;6
30/03/2023;234;5
31/03/2023;226;8
01/04/2023;90;5
02/04/2023;101;7
03/04/2023;293;4
04/04/2023;217;5
05/04/2023;232;5
06/04/2023;261;4
07/04/2023;121;2
08/04/2023;96;8
09/04/2023;124;3
10/04/2023;340;4
11/04/2023;304;6
12/04/2023;335;1
13/04/2023;280;4
14/04/2023;271;5
15/04/2023;107;9
16/04/2023;114;7
17/04/2023;309;6
18/04/2023;295;5
19/04/2023;237;4
20/04/2023;206;6
21/04/2023;249;10
22/04/2023;113;4
23/04/2023;104;4
24/04/2023;252;2
25/04/2023;118;9
26/04/2023;272;7
27/04/2023;208;3
28/04/2023;236;7
29/04/2023;127;5
30/04/2023;98;1
01/05/2023;138;5
02/05/2023;318;7
03/05/2023;237;9
04/05/2023;222;7
05/05/2023;262;7
06/05/2023;109;7
07/05/2023;95;8
08/05/2023;255;6
09/05/2023;245;6
10/05/2023;232;3
11/05/2023;193;1
12/05/2023;210;3
13/05/2023;110;4
14/05/2023;92;1
15/05/2023;287;8
16/05/2023;260;1
17/05/2023;292;8
18/05/2023;248;7
19/05/2023;271;3
20/05/2023;128;11
21/05/2023;134;5
22/05/2023;419;6
23/05/2023;324;4
24/05/2023;350;8
25/05/2023;296;4
26/05/2023;337;6
27/05/2023;175;4
28/05/2023;180;4
29/05/2023;355;6
30/05/2023;257;9
31/05/2023;331;5
01/06/2023;246;9
02/06/2023;289;8
03/06/2023;130;4
04/06/2023;146;5
05/06/2023;296;6
06/06/2023;194;6
07/06/2023;242;3
08/06/2023;86;6
09/06/2023;235;6
10/06/2023;73;7
11/06/2023;130;6
12/06/2023;221;8
13/06/2023;221;6
14/06/2023;197;7
15/06/2023;191;11
16/06/2023;152;7
17/06/2023;85;3
18/06/2023;54;3
19/06/2023;220;4
20/06/2023;190;3
21/06/2023;158;2
22/06/2023;193;3
23/06/2023;154;3
24/06/2023;81;2
25/06/2023;99;10
26/06/2023;232;3
27/06/2023;187;3
28/06/2023;173;3
29/06/2023;150;7
30/06/2023;148;3
01/07/2023;74;2
02/07/2023;68;6
03/07/2023;168;3
04/07/2023;473;4
05/07/2023;147;4
06/07/2023;166;8
07/07/2023;129;1
08/07/2023;78;4
09/07/2023;89;6
10/07/2023;256;3
11/07/2023;252;2
12/07/2023;280;4
13/07/2023;227;2
14/07/2023;190;4
15/07/2023;104;5
16/07/2023;89;3
17/07/2023;233;2
18/07/2023;259;6
19/07/2023;233;2
20/07/2023;185;5
21/07/2023;226;1
22/07/2023;117;8
23/07/2023;124;7
24/07/2023;318;6
25/07/2023;317;3
26/07/2023;347;6
27/07/2023;260;3
28/07/2023;261;3
29/07/2023;182;8
30/07/2023;152;8
31/07/2023;278;12
01/08/2023;258;9
02/08/2023;331;2
03/08/2023;267;4
04/08/2023;292;6
05/08/2023;161;5
06/08/2023;126;7
07/08/2023;406;3
08/08/2023;349;5
09/08/2023;373;4
10/08/2023;436;6
11/08/2023;411;3
12/08/2023;224;5
13/08/2023;188;7
14/08/2023;520;8
15/08/2023;264;9
16/08/2023;544;6
17/08/2023;632;5
18/08/2023;583;5
19/08/2023;321;11
20/08/2023;308;9
21/08/2023;770;8
22/08/2023;655;5
23/08/2023;735;14
24/08/2023;735;11
25/08/2023;857;8
26/08/2023;346;13
27/08/2023;234;15
28/08/2023;917;8
29/08/2023;740;8
30/08/2023;686;9
31/08/2023;623;10
01/09/2023;666;4
02/09/2023;310;8
03/09/2023;224;7
04/09/2023;743;6
05/09/2023;717;11
06/09/2023;587;7
07/09/2023;783;8
08/09/2023;629;7
09/09/2023;268;11
10/09/2023;257;8
11/09/2023;737;6
12/09/2023;539;10
13/09/2023;522;16
14/09/2023;483;10
15/09/2023;534;9
16/09/2023;212;4
17/09/2023;200;8
18/09/2023;567;14
19/09/2023;426;8
20/09/2023;396;12
21/09/2023;493;15
22/09/2023;385;4
23/09/2023;146;9
24/09/2023;177;8
25/09/2023;569;2
26/09/2023;427;14
27/09/2023;376;6
28/09/2023;383;3
29/09/2023;419;6
30/09/2023;247;9
01/10/2023;230;3
02/10/2023;404;4
03/10/2023;397;6
04/10/2023;381;8
05/10/2023;143;6
06/10/2023;305;6
07/10/2023;134;4
08/10/2023;138;4
09/10/2023;434;8
10/10/2023;311;8
11/10/2023;289;4
12/10/2023;257;11
13/10/2023;210;10
14/10/2023;122;9
15/10/2023;109;4
16/10/2023;231;9
17/10/2023;214;7
18/10/2023;191;8
19/10/2023;146;8
20/10/2023;182;1
21/10/2023;59;4
22/10/2023;61;3
23/10/2023;175;2
24/10/2023;147;3
25/10/2023;114;2
26/10/2023;83;6
27/10/2023;109;6
28/10/2023;56;4
29/10/2023;49;5
30/10/2023;163;5
31/10/2023;116;4
01/11/2023;55;1
02/11/2023;130;0
03/11/2023;90;4
04/11/2023;41;4
05/11/2023;36;2
06/11/2023;162;4
07/11/2023;106;0
08/11/2023;122;2
09/11/2023;102;2
10/11/2023;119;3
11/11/2023;53;6
12/11/2023;47;0
13/11/2023;161;2
14/11/2023;112;4
15/11/2023;93;2
16/11/2023;158;5
17/11/2023;104;2
18/11/2023;44;4
19/11/2023;29;7
20/11/2023;160;3
21/11/2023;109;3
22/11/2023;122;2
23/11/2023;127;3
24/11/2023;148;2
25/11/2023;62;4
26/11/2023;40;2
27/11/2023;134;6
28/11/2023;193;1
29/11/2023;159;3
30/11/2023;157;1
01/12/2023;60;1
02/12/2023;43;4
03/12/2023;51;2
04/12/2023;208;1
05/12/2023;143;4
06/12/2023;136;2
07/12/2023;121;6
08/12/2023;69;5
09/12/2023;110;5
10/12/2023;59;4
11/12/2023;216;2
12/12/2023;170;2
13/12/2023;210;3
14/12/2023;176;2
15/12/2023;149;3
16/12/2023;78;5
17/12/2023;67;9
18/12/2023;199;4
19/12/2023;249;6
20/12/2023;166;3
21/12/2023;217;3
22/12/2023;170;5
23/12/2023;100;4
24/12/2023;73;7
25/12/2023;58;3
26/12/2023;199;2
27/12/2023;239;6
28/12/2023;240;10
29/12/2023;191;6
30/12/2023;124;9
31/12/2023;111;7
01/01/2024;75;9
02/01/2024;186;5
03/01/2024;318;8
04/01/2024;190;7
05/01/2024;149;7
06/01/2024;54;6
07/01/2024;51;5
08/01/2024;171;9
09/01/2024;99;8
10/01/2024;129;4
11/01/2024;71;4
12/01/2024;75;6
13/01/2024;44;6
14/01/2024;33;6
15/01/2024;104;5
16/01/2024;113;8
17/01/2024;82;7
18/01/2024;70;7
19/01/2024;76;3
20/01/2024;32;5
21/01/2024;38;6
22/01/2024;66;4
23/01/2024;56;7
24/01/2024;59;4
25/01/2024;68;2
26/01/2024;44;0
27/01/2024;12;2
28/01/2024;21;1
29/01/2024;55;0
30/01/2024;45;4
31/01/2024;73;2
01/02/2024;26;1
02/02/2024;29;1
03/02/2024;16;4
04/02/2024;26;2
05/02/2024;39;1
06/02/2024;27;2
07/02/2024;29;2
08/02/2024;32;1
09/02/2024;91;1
10/02/2024;13;2
11/02/2024;8;1
12/02/2024;25;1
13/02/2024;5;0
14/02/2024;24;2
15/02/2024;30;0
16/02/2024;36;1
17/02/2024;8;1
18/02/2024;6;1
19/02/2024;42;0
20/02/2024;18;1
21/02/2024;16;1
22/02/2024;14;0
23/02/2024;12;1
24/02/2024;2;0
25/02/2024;4;0
26/02/2024;31;0
27/02/2024;24;0
28/02/2024;35;0
29/02/2024;23;0
01/03/2024;14;0
02/03/2024;4;1
03/03/2024;10;0
04/03/2024;12;0
05/03/2024;16;0
06/03/2024;25;1
07/03/2024;13;2
08/03/2024;10;0
09/03/2024;11;0
10/03/2024;6;0
11/03/2024;7;0
12/03/2024;14;1
13/03/2024;22;0
14/03/2024;10;1
15/03/2024;12;1
16/03/2024;2;0
17/03/2024;4;3
18/03/2024;15;1
19/03/2024;9;0
20/03/2024;6;1
21/03/2024;6;0
22/03/2024;10;1
23/03/2024;6;0
24/03/2024;2;1
25/03/2024;16;0
26/03/2024;15;0
27/03/2024;11;0
28/03/2024;9;0
29/03/2024;4;1
30/03/2024;3;0
31/03/2024;2;0
01/04/2024;11;0
02/04/2024;10;1
03/04/2024;8;0
04/04/2024;13;0
05/04/2024;7;1
06/04/2024;9;1
07/04/2024;3;1
08/04/2024;9;0
09/04/2024;16;2
10/04/2024;17;1
11/04/2024;17;0
12/04/2024;14;1
13/04/2024;5;2
14/04/2024;1;1
15/04/2024;25;1
16/04/2024;5;1
17/04/2024;16;0
18/04/2024;19;2
19/04/2024;6;0
20/04/2024;9;0
21/04/2024;7;0
22/04/2024;18;1
23/04/2024;23;0
24/04/2024;10;2
25/04/2024;5;1
26/04/2024;5;0
27/04/2024;5;0
28/04/2024;6;1
29/04/2024;13;0
30/04/2024;13;0
01/05/2024;6;1
02/05/2024;26;1
03/05/2024;28;0
04/05/2024;6;0
05/05/2024;3;1
06/05/2024;42;0
07/05/2024;36;1
08/05/2024;28;2
09/05/2024;30;0
10/05/2024;27;0
11/05/2024;27;0
12/05/2024;29;2
13/05/2024;82;0
14/05/2024;64;1
15/05/2024;63;0
16/05/2024;67;1
17/05/2024;62;1
18/05/2024;26;1
19/05/2024;36;0
20/05/2024;130;2
21/05/2024;112;2
22/05/2024;102;1
23/05/2024;150;1
24/05/2024;95;4
25/05/2024;60;1
26/05/2024;76;3
27/05/2024;205;9
28/05/2024;225;7
29/05/2024;169;7
30/05/2024;96;8
31/05/2024;169;3
01/06/2024;129;3
02/06/2024;126;6
03/06/2024;294;7
04/06/2024;263;7
05/06/2024;235;4
06/06/2024;296;7
07/06/2024;226;7
08/06/2024;185;7
09/06/2024;116;10
10/06/2024;130;11
11/06/2024;472;10
12/06/2024;373;9
13/06/2024;295;6
14/06/2024;616;9
15/06/2024;159;7
16/06/2024;140;6
17/06/2024;410;7
18/06/2024;373;17
19/06/2024;427;8
20/06/2024;448;13
21/06/2024;427;7
22/06/2024;159;9
23/06/2024;159;12
24/06/2024;594;14
25/06/2024;406;14
26/06/2024;552;18
27/06/2024;298;9
28/06/2024;456;16
29/06/2024;243;9
30/06/2024;117;7
01/07/2024;606;14
02/07/2024;463;8
03/07/2024;518;10
04/07/2024;351;6
05/07/2024;456;11
06/07/2024;198;10
07/07/2024;111;13
08/07/2024;442;9
09/07/2024;411;17
10/07/2024;406;11
11/07/2024;421;16
12/07/2024;266;5
13/07/2024;196;10
14/07/2024;155;13
15/07/2024;424;12
16/07/2024;334;10
17/07/2024;283;4
18/07/2024;242;11
19/07/2024;212;7
20/07/2024;167;10
21/07/2024;88;4
22/07/2024;380;10
23/07/2024;230;11
24/07/2024;198;10
25/07/2024;244;9
